,time,alpha,beta
0,0.0,0.202,0.8628301083903808
1,2.2691204721997943e-05,0.20196369407244483,0.8609905259733174
2,4.5382409443995886e-05,0.2019273881448896,0.8591941406738602
3,6.807361416599383e-05,0.20189108221733443,0.8574398002962138
4,9.076481888799177e-05,0.20185477628977921,0.8557263753189733
5,0.00011345602360998972,0.20181847036222403,0.8540527584761594
6,0.00013614722833198766,0.20178216443466884,0.8524178643481937
7,0.0001588384330539856,0.20174585850711363,0.8508206289624886
8,0.00018152963777598354,0.20170955257955844,0.8492600094034027
9,0.0002042208424979815,0.20167324665200323,0.8477349834312554
10,0.00022691204721997943,0.20163694072444804,0.8462445491101329
11,0.00024960325194197736,0.20160063479689286,0.8447877244442336
12,0.0002722944566639753,0.20156432886933764,0.8433635470224875
13,0.0002949856613859733,0.20152802294178246,0.8419710736712037
14,0.0003176768661079712,0.20149171701422725,0.8406093801145195
15,0.00034036807082996913,0.20145541108667206,0.8392775606423886
16,0.0003630592755519671,0.20141910515911687,0.8379747277859191
17,0.00038575048027396505,0.20138279923156166,0.8367000119998147
18,0.000408441684995963,0.20134649330400647,0.8354525613517167
19,0.0004311328897179609,0.2013101873764513,0.8342315412182508
20,0.00045382409443995886,0.20127388144889607,0.833036133987559
21,0.0004765152991619568,0.2012375755213409,0.8318655387681464
22,0.0004992065038839547,0.20120126959378568,0.830718971103832
23,0.0005218977086059527,0.2011649636662305,0.8295956626946499
24,0.0005445889133279506,0.2011286577386753,0.8284948611234941
25,0.0005672801180499486,0.2010923518111201,0.8274158295883693
26,0.0005899713227719465,0.2010560458835649,0.8263578466400593
27,0.0006126625274939445,0.2010197399560097,0.8253202059250556
28,0.0006353537322159424,0.2009834340284545,0.8243022159336117
29,0.0006580449369379403,0.20094712810089932,0.8233031997527516
30,0.0006807361416599383,0.2009108221733441,0.8223224948240946
31,0.0007034273463819362,0.20087451624578892,0.8213594527063617
32,0.0007261185511039342,0.2008382103182337,0.8204134388424283
33,0.0007488097558259321,0.20080190439067852,0.8194838323307779
34,0.0007715009605479301,0.20076559846312333,0.8185700257012498
35,0.000794192165269928,0.20072929253556812,0.8176714246949504
36,0.000816883369991926,0.20069298660801294,0.8167874480481948
37,0.0008395745747139239,0.20065668068045772,0.8159175272803955
38,0.0008622657794359218,0.20062037475290254,0.8150611064857574
39,0.0008849569841579198,0.20058406882534735,0.8142176421286855
40,0.0009076481888799177,0.20054776289779214,0.8133866028428024
41,0.0009303393936019157,0.20051145697023695,0.8125674692334736
42,0.0009530305983239136,0.20047515104268174,0.8117597336837364
43,0.0009757218030459116,0.20043884511512655,0.8109629001635571
44,0.0009984130077679094,0.20040253918757137,0.8101764840423045
45,0.0010211042124899075,0.20036623326001615,0.8094000119043648
46,0.0010437954172119054,0.20032992733246097,0.808633021367815
47,0.0010664866219339034,0.20029362140490578,0.8078750609060615
48,0.0010891778266559013,0.20025731547735057,0.8071256896723892
49,0.0011118690313778991,0.20022100954979538,0.8063844773273041
50,0.0011345602360998972,0.20018470362224017,0.8056510038686497
51,0.001157251440821895,0.20014839769468498,0.8049248594643705
52,0.001179942645543893,0.2001120917671298,0.8042056442879022
53,0.001202633850265891,0.20007578583957458,0.8034929683560917
54,0.001225325054987889,0.2000394799120194,0.802786451369595
55,0.0012480162597098869,0.20000317398446418,0.8020857225556909
56,0.0012707074644318847,0.199966868056909,0.8013904205134478
57,0.0012933986691538828,0.1999305621293538,0.8007001930611936
58,0.0013160898738758806,0.1998942562017986,0.8000146970862209
59,0.0013387810785978787,0.1998579502742434,0.7993335983966944
60,0.0013614722833198765,0.1998216443466882,0.7986565715756798
61,0.0013841634880418746,0.199785338419133,0.7979832998372792
62,0.0014068546927638724,0.19974903249157783,0.7973134748847919
63,0.0014295458974858705,0.1997127265640226,0.7966467967708859
64,0.0014522371022078684,0.19967642063646743,0.7959829737597043
65,0.0014749283069298662,0.19964011470891221,0.7953217221908915
66,0.0014976195116518643,0.19960380878135703,0.7946627663454855
67,0.0015203107163738621,0.19956750285380184,0.7940058383136244
68,0.0015430019210958602,0.19953119692624663,0.7933506778640608
69,0.001565693125817858,0.19949489099869144,0.7926970323154086
70,0.001588384330539856,0.19945858507113623,0.7920446564091232
71,0.001611075535261854,0.19942227914358104,0.7913933121841483
72,0.001633766739983852,0.19938597321602586,0.790742768853222
73,0.0016564579447058499,0.19934966728847064,0.7900928026807932
74,0.0016791491494278477,0.19931336136091546,0.7894431968625272
75,0.0017018403541498458,0.19927705543336027,0.7887937414063668
76,0.0017245315588718436,0.19924074950580506,0.7881442330151186
77,0.0017472227635938417,0.19920444357824987,0.7874944749705457
78,0.0017699139683158395,0.19916813765069466,0.7868442770189253
79,0.0017926051730378376,0.19913183172313947,0.7861934552580626
80,0.0018152963777598354,0.1990955257955843,0.7855418320257217
81,0.0018379875824818333,0.19905921986802907,0.7848892357894636
82,0.0018606787872038314,0.1990229139404739,0.7842355010378496
83,0.0018833699919258292,0.19898660801291868,0.783580468173014
84,0.0019060611966478273,0.1989503020853635,0.7829239834045552
85,0.0019287524013698251,0.1989139961578083,0.7822658986447528
86,0.0019514436060918232,0.1988776902302531,0.7816060714050642
87,0.0019741348108138213,0.1988413843026979,0.7809443646939125
88,0.001996826015535819,0.1988050783751427,0.7802806469157095
89,0.002019517220257817,0.1987687724475875,0.7796147917711339
90,0.002042208424979815,0.19873246652003232,0.7789466781586188
91,0.0020648996297018126,0.1986961605924771,0.7782761900770475
92,0.0020875908344238107,0.19865985466492192,0.7776032165296372
93,0.0021102820391458088,0.1986235487373667,0.776927651428993
94,0.002132973243867807,0.19858724280981152,0.7762493935033193
95,0.0021556644485898045,0.19855093688225633,0.7755683462037802
96,0.0021783556533118025,0.19851463095470112,0.7748844176129748
97,0.0022010468580338006,0.19847832502714594,0.7741975203545445
98,0.0022237380627557982,0.19844201909959075,0.7735075715038701
99,0.0022464292674777963,0.19840571317203554,0.7728144924998618
100,0.0022691204721997944,0.19836940724448035,0.7721182090578328
101,0.0022918116769217924,0.19833310131692514,0.7714186510834266
102,0.00231450288164379,0.19829679538936995,0.7707157525876056
103,0.002337194086365788,0.19826048946181477,0.7700094516026842
104,0.002359885291087786,0.19822418353425955,0.7692996900993835
105,0.002382576495809784,0.19818787760670437,0.7685864139049202
106,0.002405267700531782,0.19815157167914915,0.767869572622095
107,0.00242795890525378,0.19811526575159397,0.7671491195493878
108,0.002450650109975778,0.19807895982403878,0.7664250116020431
109,0.0024733413146977756,0.19804265389648357,0.7656972092341353
110,0.0024960325194197737,0.19800634796892838,0.7649656763616086
111,0.0025187237241417718,0.19797004204137317,0.7642303802862797
112,0.0025414149288637694,0.19793373611381798,0.7634912916207935
113,0.0025641061335857675,0.1978974301862628,0.762748384214527
114,0.0025867973383077655,0.19786112425870758,0.7620016350804297
115,0.0026094885430297636,0.1978248183311524,0.7612510243227961
116,0.0026321797477517612,0.19778851240359718,0.7604965350659557
117,0.0026548709524737593,0.197752206476042,0.7597381533838774
118,0.0026775621571957574,0.1977159005484868,0.7589758682306879
119,0.0027002533619177554,0.1976795946209316,0.7582096713720744
120,0.002722944566639753,0.1976432886933764,0.7574395573175929
121,0.002745635771361751,0.1976069827658212,0.756665523253849
122,0.002768326976083749,0.197570676838266,0.755887568978565
123,0.002791018180805747,0.19753437091071083,0.7551056968355087
124,0.002813709385527745,0.1974980649831556,0.7543199116502919
125,0.002836400590249743,0.19746175905560043,0.753530220667018
126,0.002859091794971741,0.19742545312804521,0.7527366334857878
127,0.0028817829996937386,0.19738914720049003,0.7519391620010406
128,0.0029044742044157367,0.19735284127293484,0.7511378203407334
129,0.0029271654091377348,0.19731653534537963,0.7503326248063537
130,0.0029498566138597324,0.19728022941782444,0.7495235938137501
131,0.0029725478185817305,0.19724392349026926,0.7487107478347853
132,0.0029952390233037285,0.19720761756271404,0.7478941093397958
133,0.0030179302280257266,0.19717131163515886,0.7470737027408593
134,0.0030406214327477242,0.19713500570760364,0.7462495543358598
135,0.0030633126374697223,0.19709869978004846,0.7454216922533432
136,0.0030860038421917204,0.19706239385249327,0.7445901463981637
137,0.003108695046913718,0.19702608792493806,0.7437549483979066
138,0.003131386251635716,0.19698978199738287,0.7429161315500864
139,0.003154077456357714,0.19695347606982766,0.742073730770118
140,0.003176768661079712,0.19691717014227247,0.7412277825400414
141,0.00319945986580171,0.1968808642147173,0.7403783248580144
142,0.003222151070523708,0.19684455828716207,0.7395253971885464
143,0.003244842275245706,0.1968082523596069,0.738669040413485
144,0.003267533479967704,0.19677194643205168,0.7378092967837353
145,0.0032902246846897017,0.1967356405044965,0.736946209871721
146,0.0033129158894116997,0.1966993345769413,0.7360798245245648
147,0.0033356070941336978,0.1966630286493861,0.735210186817996
148,0.0033582982988556954,0.1966267227218309,0.7343373440109752
149,0.0033809895035776935,0.1965904167942757,0.7334613445010265
150,0.0034036807082996915,0.1965541108667205,0.7325822377802771
151,0.0034263719130216896,0.19651780493916532,0.7317000743921946
152,0.0034490631177436872,0.1964814990116101,0.7308149058890203
153,0.0034717543224656853,0.19644519308405492,0.7299267847898893
154,0.0034944455271876834,0.1964088871564997,0.729035764539631
155,0.003517136731909681,0.19637258122894452,0.7281418994682507
156,0.003539827936631679,0.19633627530138933,0.7272452447510775
157,0.003562519141353677,0.19629996937383412,0.7263458563695824
158,0.003585210346075675,0.19626366344627894,0.7254437910728507
159,0.003607901550797673,0.19622735751872372,0.724539106339713
160,0.003630592755519671,0.19619105159116854,0.7236318603415239
161,0.003653283960241669,0.19615474566361335,0.7227221119055819
162,0.0036759751649636666,0.19611843973605814,0.7218099204791855
163,0.0036986663696856647,0.19608213380850295,0.7208953460943248
164,0.0037213575744076627,0.19604582788094777,0.7199784493329973
165,0.0037440487791296608,0.19600952195339255,0.7190592912931416
166,0.0037667399838516584,0.19597321602583737,0.7181379335551876
167,0.0037894311885736565,0.19593691009828215,0.7172144381492174
168,0.0038121223932956545,0.19590060417072697,0.7162888675227252
169,0.003834813598017652,0.19586429824317178,0.7153612845089811
170,0.0038575048027396502,0.19582799231561657,0.7144317522959795
171,0.0038801960074616483,0.19579168638806138,0.7135003343959802
172,0.0039028872121836464,0.19575538046050617,0.7125670946156261
173,0.0039255784169056444,0.19571907453295098,0.7116320970266403
174,0.0039482696216276425,0.1956827686053958,0.7106954059370882
175,0.00397096082634964,0.19564646267784058,0.7097570858632063
176,0.003993652031071638,0.1956101567502854,0.7088172015017882
177,0.004016343235793636,0.19557385082273018,0.7078758177031251
178,0.004039034440515634,0.195537544895175,0.70693299944449
179,0.004061725645237632,0.1955012389676198,0.7059888118041674
180,0.00408441684995963,0.1954649330400646,0.7050433199360149
181,0.004107108054681628,0.1954286271125094,0.7040965890445589
182,0.004129799259403625,0.1953923211849542,0.7031486843606103
183,0.004152490464125623,0.195356015257399,0.702199671117405
184,0.004175181668847621,0.19531970932984383,0.7012496145272552
185,0.0041978728735696195,0.1952834034022886,0.700298579758704
186,0.0042205640782916175,0.19524709747473343,0.6993466319141917
187,0.004243255283013616,0.19521079154717824,0.6983938360082124
188,0.004265946487735614,0.19517448561962303,0.6974402569459626
189,0.004288637692457611,0.19513817969206784,0.6964859595024778
190,0.004311328897179609,0.19510187376451263,0.6955310083022483
191,0.004334020101901607,0.19506556783695744,0.6945754677993081
192,0.004356711306623605,0.19502926190940226,0.6936194022577968
193,0.004379402511345603,0.19499295598184704,0.6926628757329806
194,0.004402093716067601,0.19495665005429186,0.6917059520527364
195,0.004424784920789599,0.19492034412673664,0.6907486947994863
196,0.0044474761255115965,0.19488403819918146,0.6897911672925778
197,0.0044701673302335945,0.19484773227162627,0.6888334325711112
198,0.004492858534955593,0.19481142634407106,0.6878755533771974
199,0.004515549739677591,0.19477512041651587,0.6869175921396531
200,0.004538240944399589,0.19473881448896066,0.6859596109581164
201,0.004560932149121587,0.19470250856140547,0.6850016715875884
202,0.004583623353843585,0.1946662026338503,0.6840438354233848
203,0.004606314558565582,0.19462989670629507,0.6830861634865015
204,0.00462900576328758,0.1945935907787399,0.6821287164093836
205,0.004651696968009578,0.19455728485118468,0.6811715544220914
206,0.004674388172731576,0.1945209789236295,0.6802147373388656
207,0.004697079377453574,0.1944846729960743,0.6792583245450786
208,0.004719770582175572,0.1944483670685191,0.6783023749845689
209,0.0047424617868975704,0.1944120611409639,0.6773469471473543
210,0.004765152991619568,0.19437575521340872,0.6763920990577227
211,0.004787844196341566,0.1943394492858535,0.6754378882626849
212,0.004810535401063564,0.19430314335829832,0.6744843718207962
213,0.004833226605785562,0.1942668374307431,0.6735316062913342
214,0.00485591781050756,0.19423053150318792,0.6725796477238287
215,0.004878609015229558,0.1941942255756327,0.6716285516479432
216,0.004901300219951556,0.19415791964807752,0.6706783730636957
217,0.004923991424673553,0.19412161372052233,0.6697291664320221
218,0.004946682629395551,0.19408530779296712,0.6687809856656685
219,0.004969373834117549,0.19404900186541194,0.6678338841204187
220,0.004992065038839547,0.19401269593785675,0.6668879145866363
221,0.0050147562435615455,0.19397639001030154,0.6659431292811365
222,0.0050374474482835436,0.19394008408274635,0.6649995798393629
223,0.005060138653005542,0.19390377815519114,0.6640573173078785
224,0.005082829857727539,0.19386747222763595,0.6631163921371624
225,0.005105521062449537,0.19383116630008076,0.6621768541747015
226,0.005128212267171535,0.19379486037252555,0.6612387526583847
227,0.005150903471893533,0.19375855444497037,0.6603021362101806
228,0.005173594676615531,0.19372224851741515,0.6593670528301079
229,0.005196285881337529,0.19368594258985997,0.6584335498904829
230,0.005218977086059527,0.19364963666230478,0.6575016741304469
231,0.005241668290781525,0.19361333073474957,0.6565714716507655
232,0.0052643594955035225,0.19357702480719438,0.6556429879088956
233,0.0052870507002255205,0.19354071887963917,0.6547162677143179
234,0.005309741904947519,0.19350441295208398,0.6537913552241277
235,0.005332433109669517,0.1934681070245288,0.6528682939388804
236,0.005355124314391515,0.19343180109697358,0.6519471266986909
237,0.005377815519113513,0.1933954951694184,0.6510278956795763
238,0.005400506723835511,0.19335918924186318,0.6501106423900421
239,0.005423197928557508,0.193322883314308,0.6491954076679088
240,0.005445889133279506,0.1932865773867528,0.6482822316773703
241,0.005468580338001504,0.1932502714591976,0.6473711539062824
242,0.005491271542723502,0.1932139655316424,0.6464622131636799
243,0.0055139627474455,0.19317765960408723,0.6455554475775126
244,0.005536653952167498,0.193141353676532,0.6446508945926023
245,0.0055593451568894964,0.19310504774897683,0.6437485909688103
246,0.005582036361611494,0.1930687418214216,0.6428485727794195
247,0.005604727566333492,0.19303243589386643,0.6419508754097198
248,0.00562741877105549,0.19299612996631124,0.6410555335557957
249,0.005650109975777488,0.19295982403875603,0.6401625812235163
250,0.005672801180499486,0.19292351811120084,0.6392720517277154
251,0.005695492385221484,0.19288721218364563,0.638383977691567
252,0.005718183589943482,0.19285090625609044,0.6374983910461457
253,0.005740874794665479,0.19281460032853526,0.6366153230301742
254,0.005763565999387477,0.19277829440098004,0.6357348041899453
255,0.005786257204109475,0.19274198847342486,0.6348568643794297
256,0.005808948408831473,0.19270568254586964,0.6339815327605486
257,0.0058316396135534715,0.19266937661831446,0.633108837803621
258,0.0058543308182754696,0.19263307069075927,0.6322388072879763
259,0.005877022022997468,0.19259676476320406,0.6313714683027305
260,0.005899713227719465,0.19256045883564887,0.6305068472477195
261,0.005922404432441463,0.19252415290809366,0.6296449698345936
262,0.005945095637163461,0.19248784698053847,0.628785861088062
263,0.005967786841885459,0.1924515410529833,0.6279295453472846
264,0.005990478046607457,0.19241523512542807,0.6270760462674173
265,0.006013169251329455,0.1923789291978729,0.626225386821296
266,0.006035860456051453,0.19234262327031768,0.6253775893012619
267,0.00605855166077345,0.1923063173427625,0.6245326753211227
268,0.0060812428654954485,0.1922700114152073,0.6236906658182538
269,0.0061039340702174465,0.1922337054876521,0.622851581055823
270,0.006126625274939445,0.1921973995600969,0.6220154406251495
271,0.006149316479661443,0.1921610936325417,0.6211822634481858
272,0.006172007684383441,0.1921247877049865,0.620352067780122
273,0.006194698889105439,0.19208848177743132,0.6195248712121115
274,0.006217390093827436,0.1920521758498761,0.6187006906741099
275,0.006240081298549434,0.19201586992232092,0.6178795424378339
276,0.006262772503271432,0.19197956399476573,0.6170614421198245
277,0.00628546370799343,0.19194325806721052,0.6162464046846248
278,0.006308154912715428,0.19190695213965533,0.6154344444480605
279,0.006330846117437426,0.19187064621210012,0.6146255750806243
280,0.006353537322159424,0.19183434028454494,0.6138198096109613
281,0.006376228526881422,0.19179803435698975,0.6130171604294528
282,0.00639891973160342,0.19176172842943454,0.612217639291895
283,0.006421610936325418,0.19172542250187935,0.6114212573232721
284,0.006444302141047416,0.19168911657432414,0.6106280250216176
285,0.006466993345769414,0.19165281064676895,0.6098379522619667
286,0.006489684550491412,0.19161650471921376,0.6090510483003941
287,0.00651237575521341,0.19158019879165855,0.6082673217781315
288,0.006535066959935408,0.19154389286410337,0.607486780725773
289,0.006557758164657405,0.19150758693654815,0.6067094325675526
290,0.006580449369379403,0.19147128100899297,0.605935284125704
291,0.006603140574101401,0.19143497508143778,0.6051643416248892
292,0.006625831778823399,0.19139866915388257,0.6043966106967064
293,0.0066485229835453975,0.19136236322632738,0.6036320963842596
294,0.0066712141882673956,0.19132605729877217,0.6028708031468039
295,0.006693905392989394,0.19128975137121698,0.6021127348644513
296,0.006716596597711391,0.1912534454436618,0.6013578948429426
297,0.006739287802433389,0.19121713951610658,0.6006062858184805
298,0.006761979007155387,0.1911808335885514,0.5998579099626232
299,0.006784670211877385,0.1911445276609962,0.5991127688872349
300,0.006807361416599383,0.191108221733441,0.5983708636494913
301,0.006830052621321381,0.1910719158058858,0.5976321947569421
302,0.006852743826043379,0.1910356098783306,0.5968967621726214
303,0.006875435030765376,0.1909993039507754,0.5961645653202121
304,0.0068981262354873745,0.1909629980232202,0.5954356030892559
305,0.0069208174402093725,0.190926692095665,0.5947098738404107
306,0.006943508644931371,0.19089038616810983,0.5939873754107545
307,0.006966199849653369,0.1908540802405546,0.5932681051191298
308,0.006988891054375367,0.19081777431299943,0.5925520597715294
309,0.007011582259097365,0.19078146838544424,0.5918392356665254
310,0.007034273463819362,0.19074516245788903,0.5911296286007313
311,0.00705696466854136,0.19070885653033384,0.5904232338743031
312,0.007079655873263358,0.19067255060277863,0.5897200462964767
313,0.007102347077985356,0.19063624467522344,0.5890200601911341
314,0.007125038282707354,0.19059993874766826,0.5883232694024053
315,0.007147729487429352,0.19056363282011304,0.5876296673002982
316,0.00717042069215135,0.19052732689255786,0.5869392467863572
317,0.007193111896873348,0.19049102096500264,0.5862520002993498
318,0.007215803101595346,0.19045471503744746,0.5855679198209781
319,0.007238494306317344,0.19041840910989227,0.5848869968816145
320,0.007261185511039342,0.19038210318233706,0.5842092225660608
321,0.00728387671576134,0.19034579725478187,0.5835345875193274
322,0.007306567920483338,0.19030949132722666,0.5828630819524342
323,0.007329259125205336,0.19027318539967147,0.5821946956482289
324,0.007351950329927333,0.1902368794721163,0.5815294179672242
325,0.007374641534649331,0.19020057354456107,0.5808672378534483
326,0.007397332739371329,0.1901642676170059,0.5802081438403126
327,0.007420023944093327,0.19012796168945068,0.5795521240564937
328,0.0074427151488153254,0.1900916557618955,0.5788991662318244
329,0.0074654063535373235,0.1900553498343403,0.5782492577031981
330,0.0074880975582593216,0.1900190439067851,0.577602385420484
331,0.007510788762981319,0.1899827379792299,0.5769585359524481
332,0.007533479967703317,0.18994643205167472,0.5763176954926835
333,0.007556171172425315,0.1899101261241195,0.5756798498655494
334,0.007578862377147313,0.18987382019656432,0.5750449845321091
335,0.007601553581869311,0.1898375142690091,0.5744130845960802
336,0.007624244786591309,0.18980120834145392,0.5737841348097817
337,0.007646935991313307,0.1897649024138987,0.5731581195800856
338,0.007669627196035304,0.18972859648634352,0.5725350229743706
339,0.007692318400757302,0.18969229055878833,0.5719148287264727
340,0.0077150096054793005,0.18965598463123312,0.5712975202426398
341,0.0077377008102012985,0.18961967870367794,0.5706830806074789
342,0.007760392014923297,0.18958337277612275,0.5700714925899028
343,0.007783083219645295,0.18954706684856754,0.5694627386490752
344,0.007805774424367293,0.18951076092101235,0.5688568009403461
345,0.00782846562908929,0.18947445499345714,0.568253661321186
346,0.007851156833811289,0.18943814906590195,0.5676533013571106
347,0.007873848038533287,0.18940184313834676,0.5670557023275994
348,0.007896539243255285,0.18936553721079155,0.5664608452320047
349,0.007919230447977281,0.18932923128323637,0.5658687107954538
350,0.00794192165269928,0.18929292535568115,0.5652792794747366
351,0.007964612857421277,0.18925661942812597,0.5646925314641875
352,0.007987304062143276,0.18922031350057078,0.5641084467015521
353,0.008009995266865274,0.18918400757301557,0.5635270048738417
354,0.008032686471587272,0.18914770164546038,0.5629481854231763
355,0.00805537767630927,0.1891113957179052,0.5623719675526103
356,0.008078068881031268,0.18907508979034998,0.5617983302319481
357,0.008100760085753266,0.1890387838627948,0.5612272522035388
358,0.008123451290475264,0.18900247793523958,0.5606587119880568
359,0.008146142495197262,0.1889661720076844,0.5600926878902686
360,0.00816883369991926,0.18892986608012918,0.5595291580047741
361,0.008191524904641258,0.188893560152574,0.5589681002217386
362,0.008214216109363256,0.1888572542250188,0.5584094922325978
363,0.008236907314085253,0.1888209482974636,0.5578533115357477
364,0.00825959851880725,0.1887846423699084,0.5572995354422117
365,0.008282289723529249,0.18874833644235323,0.5567481410812894
366,0.008304980928251247,0.188712030514798,0.5561991054061781
367,0.008327672132973245,0.18867572458724283,0.5556524051995793
368,0.008350363337695243,0.1886394186596876,0.5551080170792759
369,0.008373054542417241,0.18860311273213243,0.5545659175036878
370,0.008395745747139239,0.18856680680457724,0.5540260827774073
371,0.008418436951861237,0.18853050087702203,0.5534884890567011
372,0.008441128156583235,0.18849419494946684,0.5529531123549962
373,0.008463819361305233,0.18845788902191163,0.5524199285483334
374,0.008486510566027231,0.18842158309435644,0.5518889133807973
375,0.00850920177074923,0.18838527716680126,0.5513600424699184
376,0.008531892975471227,0.18834897123924604,0.5508332913120487
377,0.008554584180193224,0.18831266531169086,0.550308635287707
378,0.008577275384915222,0.18827635938413567,0.5497860496668998
379,0.00859996658963722,0.18824005345658046,0.5492655096144061
380,0.008622657794359218,0.18820374752902527,0.5487469901950419
381,0.008645348999081216,0.18816744160147006,0.548230466378886
382,0.008668040203803214,0.18813113567391487,0.5477159130464814
383,0.008690731408525212,0.18809482974635966,0.5472033049940022
384,0.00871342261324721,0.18805852381880447,0.5466926169383911
385,0.008736113817969208,0.1880222178912493,0.5461838235224636
386,0.008758805022691206,0.18798591196369407,0.5456768993199815
387,0.008781496227413204,0.1879496060361389,0.5451718188406915
388,0.008804187432135202,0.1879133001085837,0.5446685565353326
389,0.0088268786368572,0.1878769941810285,0.5441670868006102
390,0.008849569841579199,0.1878406882534733,0.5436673839841326
391,0.008872261046301197,0.1878043823259181,0.5431694223893193
392,0.008894952251023193,0.1877680763983629,0.542673176280268
393,0.008917643455745191,0.18773177047080772,0.5421786198865914
394,0.008940334660467189,0.1876954645432525,0.5416857274082155
395,0.008963025865189187,0.18765915861569732,0.5411944730201451
396,0.008985717069911185,0.1876228526881421,0.540704830877189
397,0.009008408274633183,0.18758654676058692,0.5402167751186517
398,0.009031099479355181,0.18755024083303173,0.5397302798729872
399,0.00905379068407718,0.18751393490547652,0.5392453192624164
400,0.009076481888799177,0.18747762897792133,0.5387618674075045
401,0.009099173093521176,0.18744132305036612,0.5382798984317051
402,0.009121864298243174,0.18740501712281094,0.537799386465859
403,0.009144555502965172,0.18736871119525575,0.5373203056526632
404,0.00916724670768717,0.18733240526770054,0.5368426301510921
405,0.009189937912409168,0.18729609934014535,0.5363663341407886
406,0.009212629117131164,0.18725979341259014,0.5358913918264079
407,0.009235320321853162,0.18722348748503495,0.5354177774419265
408,0.00925801152657516,0.18718718155747976,0.5349454652549088
409,0.009280702731297158,0.18715087562992455,0.5344744295707358
410,0.009303393936019156,0.18711456970236937,0.534004644736791
411,0.009326085140741154,0.18707826377481418,0.533536085146607
412,0.009348776345463152,0.18704195784725897,0.5330687252439705
413,0.00937146755018515,0.18700565191970378,0.5326025395269869
414,0.009394158754907149,0.18696934599214857,0.5321375025521021
415,0.009416849959629147,0.18693304006459338,0.5316735889380836
416,0.009439541164351145,0.18689673413703817,0.5312107733699605
417,0.009462232369073143,0.18686042820948298,0.5307490306029183
418,0.009484923573795141,0.1868241222819278,0.5302883354661575
419,0.009507614778517139,0.18678781635437258,0.5298286628667012
420,0.009530305983239135,0.1867515104268174,0.5293699877931672
421,0.009552997187961133,0.1867152044992622,0.5289122853194944
422,0.009575688392683131,0.186678898571707,0.5284555306086256
423,0.00959837959740513,0.1866425926441518,0.5279996989161485
424,0.009621070802127128,0.1866062867165966,0.527544765593892
425,0.009643762006849126,0.1865699807890414,0.5270907060934792
426,0.009666453211571124,0.18653367486148623,0.5266374959698381
427,0.009689144416293122,0.186497368933931,0.5261851108846667
428,0.00971183562101512,0.18646106300637583,0.5257335266098526
429,0.009734526825737118,0.1864247570788206,0.5252827190308543
430,0.009757218030459116,0.18638845115126543,0.5248326641500306
431,0.009779909235181114,0.18635214522371024,0.5243833380899313
432,0.009802600439903112,0.18631583929615503,0.5239347170965403
433,0.00982529164462511,0.18627953336859984,0.5234867775424752
434,0.009847982849347106,0.18624322744104466,0.5230394959301425
435,0.009870674054069105,0.18620692151348944,0.5225928488948453
436,0.009893365258791103,0.18617061558593426,0.5221468132078497
437,0.0099160564635131,0.18613430965837904,0.521701365779404
438,0.009938747668235099,0.18609800373082386,0.5212564836617116
439,0.009961438872957097,0.18606169780326864,0.5208121440518623
440,0.009984130077679095,0.18602539187571346,0.5203683242947125
441,0.010006821282401093,0.18598908594815827,0.5199250018857269
442,0.010029512487123091,0.18595278002060306,0.5194821544737681
443,0.010052203691845089,0.18591647409304787,0.5190397598638461
444,0.010074894896567087,0.1858801681654927,0.518597796019818
445,0.010097586101289085,0.18584386223793747,0.5181562410670439
446,0.010120277306011083,0.1858075563103823,0.517715073294997
447,0.010142968510733081,0.18577125038282707,0.5172742711598288
448,0.010165659715455078,0.1857349444552719,0.5168338132868858
449,0.010188350920177076,0.1856986385277167,0.5163936784731827
450,0.010211042124899074,0.1856623326001615,0.5159538456898286
451,0.010233733329621072,0.1856260266726063,0.5155142940844094
452,0.01025642453434307,0.1855897207450511,0.5150750029833201
453,0.010279115739065068,0.1855534148174959,0.5146359518940553
454,0.010301806943787066,0.18551710888994072,0.514197120507452
455,0.010324498148509064,0.1854808029623855,0.5137584886998866
456,0.010347189353231062,0.18544449703483032,0.5133200365354252
457,0.01036988055795306,0.1854081911072751,0.5128817442679303
458,0.010392571762675058,0.18537188517971992,0.5124435923431189
459,0.010415262967397056,0.18533557925216473,0.5120055614005764
460,0.010437954172119054,0.18529927332460952,0.5115676322757258
461,0.010460645376841052,0.18526296739705433,0.5111297860017457
462,0.01048333658156305,0.18522666146949912,0.510692003811451
463,0.010506027786285047,0.18519035554194394,0.5102542671391194
464,0.010528718991007045,0.18515404961438875,0.5098165576222788
465,0.010551410195729043,0.18511774368683354,0.5093788571034453
466,0.010574101400451041,0.18508143775927835,0.508941147631816
467,0.010596792605173039,0.18504513183172316,0.5085034114649188
468,0.010619483809895037,0.18500882590416795,0.508065631070213
469,0.010642175014617035,0.18497251997661276,0.5076277891266477
470,0.010664866219339033,0.18493621404905755,0.5071898685261741
471,0.010687557424061031,0.18489990812150237,0.5067518523752111
472,0.01071024862878303,0.18486360219394715,0.5063137239960674
473,0.010732939833505028,0.18482729626639197,0.5058754669283183
474,0.010755631038227026,0.18479099033883678,0.505437064930138
475,0.010778322242949024,0.18475468441128157,0.5049985019795852
476,0.010801013447671022,0.18471837848372638,0.5045597622758456
477,0.010823704652393018,0.1846820725561712,0.5041208302404311
478,0.010846395857115016,0.18464576662861598,0.5036816905183309
479,0.010869087061837014,0.1846094607010608,0.5032423279791206
480,0.010891778266559012,0.18457315477350558,0.5028027277180285
481,0.01091446947128101,0.1845368488459504,0.5023628750569533
482,0.010937160676003008,0.1845005429183952,0.5019227555454439
483,0.010959851880725006,0.18446423699084,0.5014823549616292
484,0.010982543085447004,0.1844279310632848,0.5010416593131082
485,0.011005234290169003,0.1843916251357296,0.5006006548377967
486,0.011027925494891,0.1843553192081744,0.5001593280047274
487,0.011050616699612999,0.18431901328061923,0.4997176655148102
488,0.011073307904334997,0.184282707353064,0.4992756543015485
489,0.011095999109056995,0.18424640142550883,0.49883328153171147
490,0.011118690313778993,0.1842100954979536,0.4983905346059635
491,0.01114138151850099,0.18417378957039843,0.4979474011594549
492,0.011164072723222987,0.18413748364284324,0.4975038690623641
493,0.011186763927944985,0.18410117771528803,0.4970599264204051
494,0.011209455132666983,0.18406487178773284,0.49661556157528475
495,0.011232146337388981,0.18402856586017763,0.49617076310512476
496,0.01125483754211098,0.18399225993262244,0.49572551982484037
497,0.011277528746832978,0.18395595400506726,0.4952798207864757
498,0.011300219951554976,0.18391964807751204,0.49483365527949996
499,0.011322911156276974,0.18388334214995686,0.4943870128310629
500,0.011345602360998972,0.18384703622240167,0.4939398832062091
501,0.01136829356572097,0.18381073029484646,0.4934922564080485
502,0.011390984770442968,0.18377442436729127,0.4930441226778953
503,0.011413675975164966,0.18373811843973606,0.49259547249535596
504,0.011436367179886964,0.18370181251218087,0.4921462965783855
505,0.01145905838460896,0.1836655065846257,0.4916965858833017
506,0.011481749589330958,0.18362920065707047,0.4912463316047584
507,0.011504440794052957,0.1835928947295153,0.49079552517568126
508,0.011527131998774955,0.18355658880196007,0.4903441582671666
509,0.011549823203496953,0.1835202828744049,0.48989222278833666
510,0.01157251440821895,0.1834839769468497,0.4894397108861622
511,0.011595205612940949,0.1834476710192945,0.48898661494524187
512,0.011617896817662947,0.1834113650917393,0.4885329275875495
513,0.011640588022384945,0.1833750591641841,0.48807864167213766
514,0.011663279227106943,0.1833387532366289,0.4876237502948082
515,0.011685970431828941,0.18330244730907372,0.4871682467877465
516,0.011708661636550939,0.1832661413815185,0.48671212471911407
517,0.011731352841272937,0.18322983545396332,0.48625537789261
518,0.011754044045994935,0.1831935295264081,0.48579800034699383
519,0.011776735250716933,0.18315722359885292,0.48533998635557274
520,0.01179942645543893,0.18312091767129773,0.4848813304256535
521,0.011822117660160928,0.18308461174374252,0.4844220272979598
522,0.011844808864882926,0.18304830581618733,0.4839620719460135
523,0.011867500069604924,0.18301199988863215,0.48350145957548096
524,0.011890191274326922,0.18297569396107694,0.4830401856234873
525,0.01191288247904892,0.18293938803352175,0.482578245757895
526,0.011935573683770918,0.18290308210596654,0.48211563587654804
527,0.011958264888492916,0.18286677617841135,0.48165235210648505
528,0.011980956093214914,0.18283047025085614,0.4811883908031168
529,0.012003647297936912,0.18279416432330095,0.4807237485493725
530,0.01202633850265891,0.18275785839574576,0.4802584221548132
531,0.012049029707380908,0.18272155246819055,0.4797924086547146
532,0.012071720912102906,0.18268524654063537,0.47932570530911434
533,0.012094412116824904,0.18264894061308018,0.47885830960183207
534,0.0121171033215469,0.18261263468552497,0.4783902192394559
535,0.012139794526268899,0.18257632875796978,0.4779214321502995
536,0.012162485730990897,0.18254002283041457,0.47745194648332623
537,0.012185176935712895,0.18250371690285938,0.47698176060704717
538,0.012207868140434893,0.18246741097530417,0.47651087310838713
539,0.012230559345156891,0.18243110504774898,0.476039282791519
540,0.01225325054987889,0.1823947991201938,0.4755669886766745
541,0.012275941754600887,0.18235849319263858,0.4750939899989225
542,0.012298632959322885,0.1823221872650834,0.4746202862069175
543,0.012321324164044883,0.1822858813375282,0.4741458769616255
544,0.012344015368766881,0.182249575409973,0.47367076213501796
545,0.01236670657348888,0.1822132694824178,0.47319494180873856
546,0.012389397778210878,0.1821769635548626,0.47271841627274597
547,0.012412088982932876,0.1821406576273074,0.4722411860239278
548,0.012434780187654872,0.18210435169975223,0.47176325176468725
549,0.01245747139237687,0.182068045772197,0.4712846144015088
550,0.012480162597098868,0.18203173984464183,0.47080527504349234
551,0.012502853801820866,0.1819954339170866,0.47032523500086665
552,0.012525545006542864,0.18195912798953143,0.46984449578347626
553,0.012548236211264862,0.18192282206197624,0.46936305909924514
554,0.01257092741598686,0.18188651613442103,0.4688809268526146
555,0.012593618620708858,0.18185021020686584,0.4683981011429591
556,0.012616309825430857,0.18181390427931066,0.4679145842629799
557,0.012639001030152855,0.18177759835175544,0.4674303786970732
558,0.012661692234874853,0.18174129242420026,0.4669454871196764
559,0.01268438343959685,0.18170498649664504,0.46645991239359647
560,0.012707074644318849,0.18166868056908986,0.46597365756830816
561,0.012729765849040847,0.18163237464153464,0.46548672587824164
562,0.012752457053762843,0.18159606871397946,0.46499912074103955
563,0.012775148258484841,0.18155976278642427,0.4645108457557996
564,0.01279783946320684,0.18152345685886906,0.46402190470129445
565,0.012820530667928837,0.18148715093131387,0.46353230153417263
566,0.012843221872650835,0.1814508450037587,0.4630420403871398
567,0.012865913077372833,0.18141453907620347,0.46255112556712186
568,0.012888604282094832,0.1813782331486483,0.4620595615534078
569,0.01291129548681683,0.18134192722109307,0.4615673529957766
570,0.012933986691538828,0.1813056212935379,0.4610745047126038
571,0.012956677896260826,0.18126931536598268,0.46058102168895243
572,0.012979369100982824,0.1812330094384275,0.46008690907464705
573,0.013002060305704822,0.1811967035108723,0.4595921721823304
574,0.01302475151042682,0.1811603975833171,0.4590968164855032
575,0.013047442715148818,0.1811240916557619,0.45860084761654907
576,0.013070133919870816,0.18108778572820672,0.4581042713647446
577,0.013092825124592812,0.1810514798006515,0.45760709367425273
578,0.01311551632931481,0.18101517387309632,0.4571093206421032
579,0.013138207534036809,0.18097886794554113,0.45661095851615585
580,0.013160898738758807,0.18094256201798592,0.4561120136930542
581,0.013183589943480805,0.18090625609043073,0.4556124927161619
582,0.013206281148202803,0.18086995016287552,0.4551124022734881
583,0.0132289723529248,0.18083364423532033,0.4546117491955986
584,0.013251663557646799,0.18079733830776512,0.4541105404535156
585,0.013274354762368797,0.18076103238020994,0.4536087831566074
586,0.013297045967090795,0.18072472645265475,0.45310648455046065
587,0.013319737171812793,0.18068842052509954,0.45260365201474934
588,0.013342428376534791,0.18065211459754435,0.452100293061087
589,0.01336511958125679,0.18061580866998916,0.45159641533086853
590,0.013387810785978787,0.18057950274243395,0.45109202659310926
591,0.013410501990700784,0.18054319681487876,0.4505871347422633
592,0.013433193195422782,0.18050689088732355,0.4500817477960425
593,0.01345588440014478,0.18047058495976837,0.4495758738932198
594,0.013478575604866778,0.18043427903221315,0.4490695212914285
595,0.013501266809588776,0.18039797310465797,0.44856269836495155
596,0.013523958014310774,0.18036166717710278,0.44805541360250256
597,0.013546649219032772,0.18032536124954757,0.44754767560500075
598,0.01356934042375477,0.18028905532199238,0.4470394930833377
599,0.013592031628476768,0.1802527493944372,0.44653087485613946
600,0.013614722833198766,0.18021644346688198,0.44602182984752015
601,0.013637414037920764,0.1801801375393268,0.44551236708483194
602,0.013660105242642762,0.18014383161177158,0.4450024956964068
603,0.01368279644736476,0.1801075256842164,0.44449222490929635
604,0.013705487652086758,0.18007121975666118,0.44398156404700534
605,0.013728178856808755,0.180034913829106,0.4434705225272194
606,0.013750870061530753,0.1799986079015508,0.442959109859533
607,0.013773561266252751,0.1799623019739956,0.442447335643169
608,0.013796252470974749,0.1799259960464404,0.4419352095646975
609,0.013818943675696747,0.17988969011888523,0.44142274139575294
610,0.013841634880418745,0.17985338419133,0.4409099409907445
611,0.013864326085140743,0.17981707826377483,0.4403968182845701
612,0.013887017289862741,0.17978077233621964,0.4398833832903233
613,0.01390970849458474,0.17974446640866443,0.43936964609700285
614,0.013932399699306737,0.17970816048110924,0.43885561686721725
615,0.013955090904028735,0.17967185455355403,0.43834130583489206
616,0.013977782108750733,0.17963554862599884,0.4378267233029753
617,0.014000473313472732,0.17959924269844363,0.43731187964114326
618,0.01402316451819473,0.17956293677088844,0.43679678528350485
619,0.014045855722916726,0.17952663084333326,0.4362814507263106
620,0.014068546927638724,0.17949032491577804,0.4357658865256575
621,0.014091238132360722,0.17945401898822286,0.43525010329519975
622,0.01411392933708272,0.17941771306066767,0.4347341117038584
623,0.014136620541804718,0.17938140713311246,0.43421792247353425
624,0.014159311746526716,0.17934510120555727,0.4337015463768234
625,0.014182002951248714,0.17930879527800206,0.43318499423473267
626,0.014204694155970712,0.17927248935044687,0.4326682769144029
627,0.01422738536069271,0.17923618342289166,0.43215140532683205
628,0.014250076565414709,0.17919987749533647,0.4316343904246024
629,0.014272767770136707,0.1791635715677813,0.43111724319961153
630,0.014295458974858705,0.17912726564022607,0.4305999746808107
631,0.014318150179580703,0.1790909597126709,0.43008259593194326
632,0.0143408413843027,0.1790546537851157,0.4295651180492906
633,0.014363532589024697,0.1790183478575605,0.4290475521594245
634,0.014386223793746695,0.1789820419300053,0.42852990941696145
635,0.014408914998468693,0.17894573600245012,0.4280122010023265
636,0.014431606203190691,0.1789094300748949,0.4274944381195213
637,0.01445429740791269,0.17887312414733972,0.4269766319938982
638,0.014476988612634687,0.1788368182197845,0.42645879386994395
639,0.014499679817356685,0.17880051229222932,0.4259409350090664
640,0.014522371022078684,0.1787642063646741,0.42542306668739305
641,0.014545062226800682,0.17872790043711892,0.4249052001935723
642,0.01456775343152268,0.17869159450956373,0.4243873468265879
643,0.014590444636244678,0.17865528858200852,0.4238695178935783
644,0.014613135840966676,0.17861898265445333,0.4233517247076641
645,0.014635827045688674,0.17858267672689815,0.4228339785857882
646,0.014658518250410672,0.17854637079934293,0.42231629084655925
647,0.01468120945513267,0.17851006487178775,0.42179867280811084
648,0.014703900659854666,0.17847375894423254,0.42128113578596493
649,0.014726591864576664,0.17843745301667735,0.420763691090908
650,0.014749283069298662,0.17840114708912214,0.42024635002687877
651,0.01477197427402066,0.17836484116156695,0.4197291238888603
652,0.014794665478742659,0.17832853523401176,0.4192120239607919
653,0.014817356683464657,0.17829222930645655,0.4186950615134837
654,0.014840047888186655,0.17825592337890137,0.41817824780254714
655,0.014862739092908653,0.17821961745134618,0.41766159406633463
656,0.014885430297630651,0.17818331152379097,0.41714511152389433
657,0.014908121502352649,0.17814700559623578,0.4166288113729313
658,0.014930812707074647,0.17811069966868057,0.41611270478778783
659,0.014953503911796645,0.17807439374112538,0.41559680291742934
660,0.014976195116518643,0.17803808781357017,0.41508111688344773
661,0.014998886321240641,0.17800178188601498,0.4145656577780767
662,0.015021577525962638,0.1779654759584598,0.4140504366622187
663,0.015044268730684636,0.17792917003090458,0.41353546456348717
664,0.015066959935406634,0.1778928641033494,0.4130207524742601
665,0.015089651140128632,0.1778565581757942,0.41250631134975135
666,0.01511234234485063,0.177820252248239,0.4119921521060921
667,0.015135033549572628,0.1777839463206838,0.41147828561842736
668,0.015157724754294626,0.17774764039312863,0.41096472271903034
669,0.015180415959016624,0.1777113344655734,0.41045147419542694
670,0.015203107163738622,0.17767502853801823,0.409938550788537
671,0.01522579836846062,0.177638722610463,0.4094259631908338
672,0.015248489573182618,0.17760241668290783,0.40891372204451276
673,0.015271180777904616,0.1775661107553526,0.40840183793968043
674,0.015293871982626614,0.17752980482779743,0.407890321412558
675,0.015316563187348612,0.17749349890024224,0.4073791829437008
676,0.015339254392070609,0.17745719297268703,0.406868432956232
677,0.015361945596792607,0.17742088704513184,0.4063580818140974
678,0.015384636801514605,0.17738458111757666,0.4058481398203299
679,0.015407328006236603,0.17734827519002144,0.40533861721533754
680,0.015430019210958601,0.17731196926246626,0.4048295241752036
681,0.015452710415680599,0.17727566333491104,0.4043208708100063
682,0.015475401620402597,0.17723935740735586,0.4038126671621543
683,0.015498092825124595,0.17720305147980064,0.4033049232047401
684,0.015520784029846593,0.17716674555224546,0.4027976488399114
685,0.015543475234568591,0.17713043962469027,0.4022908538972597
686,0.01556616643929059,0.17709413369713506,0.40178454813222686
687,0.015588857644012587,0.17705782776957987,0.4012787412245302
688,0.015611548848734585,0.1770215218420247,0.40077344277660387
689,0.015634240053456584,0.17698521591446947,0.40026866231206215
690,0.01565693125817858,0.1769489099869143,0.3997644092741775
691,0.01567962246290058,0.17691260405935907,0.39926069302437917
692,0.015702313667622578,0.1768762981318039,0.398757522840771
693,0.015725004872344576,0.17683999220424867,0.3982549079166666
694,0.015747696077066574,0.1768036862766935,0.39775285735914573
695,0.015770387281788572,0.1767673803491383,0.39725138018762624
696,0.01579307848651057,0.1767310744215831,0.3967504853324605
697,0.015815769691232565,0.1766947684940279,0.3962501816335463
698,0.015838460895954563,0.17665846256647272,0.3957504778389605
699,0.01586115210067656,0.1766221566389175,0.39525138260361137
700,0.01588384330539856,0.17658585071136232,0.3947529044879106
701,0.015906534510120557,0.17654954478380713,0.39425505195646565
702,0.015929225714842555,0.17651323885625192,0.3937578333767915
703,0.015951916919564553,0.17647693292869673,0.3932612570180434
704,0.01597460812428655,0.17644062700114152,0.3927653310497693
705,0.01599729932900855,0.17640432107358633,0.3922700635406831
706,0.016019990533730547,0.17636801514603112,0.3917754624574578
707,0.016042681738452545,0.17633170921847593,0.39128153566354035
708,0.016065372943174543,0.17629540329092075,0.39078829091798506
709,0.01608806414789654,0.17625909736336554,0.39029573587431104
710,0.01611075535261854,0.17622279143581035,0.3898038780793766
711,0.016133446557340538,0.17618648550825516,0.3893127249722778
712,0.016156137762062536,0.17615017958069995,0.38882228388326695
713,0.016178828966784534,0.17611387365314476,0.38833256203269206
714,0.01620152017150653,0.17607756772558955,0.38784356652995655
715,0.01622421137622853,0.17604126179803437,0.38735530437250265
716,0.016246902580950528,0.17600495587047915,0.3868677824448142
717,0.016269593785672526,0.17596864994292397,0.3863810075174417
718,0.016292284990394524,0.17593234401536878,0.38589498624604784
719,0.016314976195116522,0.17589603808781357,0.38540972517047684
720,0.01633766739983852,0.17585973216025838,0.3849252307138423
721,0.016360358604560518,0.1758234262327032,0.3844415091816401
722,0.016383049809282516,0.17578712030514798,0.3839585667608798
723,0.016405741014004514,0.1757508143775928,0.38347640951924056
724,0.016428432218726512,0.17571450845003758,0.38299504340424717
725,0.01645112342344851,0.1756782025224824,0.3825144742424683
726,0.016473814628170505,0.1756418965949272,0.38203470773873854
727,0.016496505832892503,0.175605590667372,0.3815557494753992
728,0.0165191970376145,0.1755692847398168,0.3810776049115631
729,0.0165418882423365,0.1755329788122616,0.3806002793824025
730,0.016564579447058497,0.1754966728847064,0.3801237780984565
731,0.016587270651780495,0.17546036695715123,0.37964810614496264
732,0.016609961856502493,0.175424061029596,0.3791732684812096
733,0.01663265306122449,0.17538775510204083,0.37869926993991354
734,0.01665534426594649,0.17535144917448564,0.3782261152266145
735,0.016678035470668488,0.17531514324693043,0.3777538089190972
736,0.016700726675390486,0.17527883731937524,0.37728235546683225
737,0.016723417880112484,0.17524253139182003,0.37681175919044235
738,0.016746109084834482,0.17520622546426484,0.37634202428118724
739,0.01676880028955648,0.17516991953670963,0.3758731548004744
740,0.016791491494278478,0.17513361360915444,0.37540515467939
741,0.016814182699000476,0.17509730768159926,0.3749380277182524
742,0.016836873903722474,0.17506100175404404,0.3744717775861898
743,0.016859565108444472,0.17502469582648886,0.3740064078207378
744,0.01688225631316647,0.17498838989893367,0.37354192182746176
745,0.016904947517888468,0.17495208397137846,0.37307832287959863
746,0.016927638722610466,0.17491577804382327,0.37261561411772487
747,0.016950329927332464,0.17487947211626806,0.3721537985494433
748,0.016973021132054462,0.17484316618871287,0.3716928790490946
749,0.01699571233677646,0.17480686026115766,0.37123285835749037
750,0.01701840354149846,0.17477055433360247,0.37077373908166866
751,0.017041094746220457,0.1747342484060473,0.370315523694671
752,0.017063785950942455,0.17469794247849207,0.3698582145353444
753,0.017086477155664453,0.1746616365509369,0.3694018138081619
754,0.017109168360386447,0.1746253306233817,0.36894632358306884
755,0.017131859565108445,0.1745890246958265,0.3684917457953487
756,0.017154550769830443,0.1745527187682713,0.368038082245514
757,0.01717724197455244,0.17451641284071612,0.367585334599217
758,0.01719993317927444,0.1744801069131609,0.36713350438718284
759,0.017222624383996438,0.17444380098560572,0.36668259300516703
760,0.017245315588718436,0.1744074950580505,0.36623260171393274
761,0.017268006793440434,0.17437118913049532,0.36578353163925076
762,0.017290697998162432,0.1743348832029401,0.3653353837719231
763,0.01731338920288443,0.17429857727538492,0.3648881589678249
764,0.017336080407606428,0.17426227134782973,0.36444185794797357
765,0.017358771612328426,0.17422596542027452,0.36399648129861495
766,0.017381462817050424,0.17418965949271933,0.36355202947133425
767,0.017404154021772422,0.17415335356516415,0.3631085027831882
768,0.01742684522649442,0.17411704763760893,0.3626659014168587
769,0.01744953643121642,0.17408074171005375,0.3622242254208278
770,0.017472227635938416,0.17404443578249854,0.36178347470957584
771,0.017494918840660414,0.17400812985494335,0.3613436490637994
772,0.017517610045382413,0.17397182392738814,0.3609047481306524
773,0.01754030125010441,0.17393551799983295,0.36046677142400746
774,0.01756299245482641,0.17389921207227776,0.36002971832474023
775,0.017585683659548407,0.17386290614472255,0.3595935880810328
776,0.017608374864270405,0.17382660021716737,0.35915837980870086
777,0.017631066068992403,0.17379029428961218,0.3587240924915405
778,0.0176537572737144,0.17375398836205697,0.3582907249816964
779,0.0176764484784364,0.17371768243450178,0.35785827600005254
780,0.017699139683158397,0.17368137650694657,0.3574267441366419
781,0.017721830887880395,0.17364507057939138,0.3569961278510776
782,0.017744522092602393,0.17360876465183617,0.3565664254730065
783,0.017767213297324388,0.17357245872428098,0.3561376352025819
784,0.017789904502046386,0.1735361527967258,0.3557097551109567
785,0.017812595706768384,0.17349984686917058,0.3552827831407989
786,0.017835286911490382,0.1734635409416154,0.35485671710682665
787,0.01785797811621238,0.1734272350140602,0.35443155469636284
788,0.017880669320934378,0.173390929086505,0.3540072934699116
789,0.017903360525656376,0.1733546231589498,0.3535839308617541
790,0.017926051730378374,0.17331831723139463,0.3531614641805647
791,0.017948742935100372,0.1732820113038394,0.35273989061004823
792,0.01797143413982237,0.17324570537628423,0.35231920720959375
793,0.01799412534454437,0.173209399448729,0.3518994109149539
794,0.018016816549266366,0.17317309352117383,0.3514804985389375
795,0.018039507753988365,0.1731367875936186,0.35106246677212727
796,0.018062198958710363,0.17310048166606343,0.35064531218361417
797,0.01808489016343236,0.17306417573850824,0.35022903122175153
798,0.01810758136815436,0.17302786981095303,0.34981362021492823
799,0.018130272572876357,0.17299156388339784,0.3493990753723634
800,0.018152963777598355,0.17295525795584266,0.3489853927849163
801,0.018175654982320353,0.17291895202828744,0.34857256842591916
802,0.01819834618704235,0.17288264610073226,0.3481605981520254
803,0.01822103739176435,0.17284634017317704,0.34774947770407866
804,0.018243728596486347,0.17281003424562186,0.3473392027080012
805,0.018266419801208345,0.17277372831806664,0.34692976867569675
806,0.018289111005930343,0.17273742239051146,0.34652117100597735
807,0.01831180221065234,0.17270111646295627,0.3461134049855033
808,0.01833449341537434,0.17266481053540106,0.345706465789744
809,0.018357184620096337,0.17262850460784587,0.34530034848395735
810,0.018379875824818336,0.1725921986802907,0.3448950480241834
811,0.01840256702954033,0.17255589275273547,0.34449055925825994
812,0.018425258234262328,0.1725195868251803,0.34408687692685236
813,0.018447949438984326,0.1724832808976251,0.34368399566450336
814,0.018470640643706324,0.1724469749700699,0.34328191000069747
815,0.018493331848428322,0.1724106690425147,0.34288061436094497
816,0.01851602305315032,0.1723743631149595,0.3424801030678815
817,0.01853871425787232,0.1723380571874043,0.3420803703423842
818,0.018561405462594317,0.1723017512598491,0.3416814103047056
819,0.018584096667316315,0.1722654453322939,0.3412832169756226
820,0.018606787872038313,0.17222913940473872,0.34088578427760424
821,0.01862947907676031,0.1721928334771835,0.34048910603599225
822,0.01865217028148231,0.17215652754962832,0.3400931759802001
823,0.018674861486204307,0.17212022162207313,0.33969798774492777
824,0.018697552690926305,0.17208391569451792,0.33930353487139076
825,0.018720243895648303,0.17204760976696273,0.33890981080856625
826,0.0187429351003703,0.17201130383940752,0.3385168089144535
827,0.0187656263050923,0.17197499791185233,0.3381245224573503
828,0.018788317509814297,0.17193869198429712,0.3377329446171433
829,0.018811008714536295,0.17190238605674193,0.3373420684866153
830,0.018833699919258293,0.17186608012918675,0.33695188707276413
831,0.01885639112398029,0.17182977420163154,0.3365623932981394
832,0.01887908232870229,0.17179346827407635,0.3361735800021912
833,0.018901773533424288,0.17175716234652116,0.3357854399426336
834,0.018924464738146286,0.17172085641896595,0.33539796579682246
835,0.018947155942868284,0.17168455049141076,0.3350111501631469
836,0.018969847147590282,0.17164824456385555,0.33462498556243453
837,0.01899253835231228,0.17161193863630037,0.33423946443936925
838,0.019015229557034278,0.17157563270874515,0.33385457916392297
839,0.019037920761756276,0.17153932678118997,0.3334703220328009
840,0.01906061196647827,0.17150302085363478,0.3330866852708983
841,0.01908330317120027,0.17146671492607957,0.3327036610327715
842,0.019105994375922267,0.17143040899852438,0.33232124140411945
843,0.019128685580644265,0.1713941030709692,0.3319394184032795
844,0.019151376785366263,0.17135779714341398,0.33155818398273357
845,0.01917406799008826,0.1713214912158588,0.3311775300306276
846,0.01919675919481026,0.1712851852883036,0.3307974483723018
847,0.019219450399532257,0.1712488793607484,0.3304179307718318
848,0.019242141604254255,0.1712125734331932,0.330038968933583
849,0.019264832808976253,0.171176267505638,0.32966055450377313
850,0.01928752401369825,0.1711399615780828,0.32928267907204845
851,0.01931021521842025,0.1711036556505276,0.3289053341730693
852,0.019332906423142247,0.1710673497229724,0.3285285112881044
853,0.019355597627864245,0.17103104379541723,0.3281522018466395
854,0.019378288832586243,0.170994737867862,0.32777639722799057
855,0.01940098003730824,0.17095843194030683,0.32740108876293217
856,0.01942367124203024,0.17092212601275164,0.3270262677353303
857,0.019446362446752238,0.17088582008519643,0.32665192538378945
858,0.019469053651474236,0.17084951415764124,0.32627805290330414
859,0.019491744856196234,0.17081320823008603,0.32590464144692205
860,0.019514436060918232,0.17077690230253084,0.32553168212741596
861,0.01953712726564023,0.17074059637497563,0.3251591660189618
862,0.019559818470362228,0.17070429044742044,0.3247870841588268
863,0.019582509675084226,0.17066798451986526,0.3244154275490658
864,0.019605200879806224,0.17063167859231004,0.3240441871582226
865,0.019627892084528222,0.17059537266475486,0.32367335392304264
866,0.01965058328925022,0.17055906673719967,0.3233029187501893
867,0.01967327449397222,0.17052276080964446,0.32293287251796926
868,0.019695965698694213,0.17048645488208927,0.32256320607806327
869,0.01971865690341621,0.1704501489545341,0.3221939102572661
870,0.01974134810813821,0.17041384302697887,0.3218249758592285
871,0.019764039312860207,0.1703775370994237,0.32145639366620804
872,0.019786730517582205,0.17034123117186847,0.32108815444082617
873,0.019809421722304203,0.1703049252443133,0.320720248927828
874,0.0198321129270262,0.17026861931675807,0.3203526678558498
875,0.0198548041317482,0.1702323133892029,0.3199854019391907
876,0.019877495336470197,0.1701960074616477,0.31961844187958866
877,0.019900186541192195,0.1701597015340925,0.31925177836800234
878,0.019922877745914194,0.1701233956065373,0.31888540208639393
879,0.01994556895063619,0.17008708967898212,0.318519303709521
880,0.01996826015535819,0.1700507837514269,0.31815347390672716
881,0.019990951360080188,0.17001447782387172,0.3177879033437388
882,0.020013642564802186,0.1699781718963165,0.31742258268446527
883,0.020036333769524184,0.16994186596876132,0.31705750259279997
884,0.020059024974246182,0.1699055600412061,0.3166926537344255
885,0.02008171617896818,0.16986925411365092,0.3163280267786222
886,0.020104407383690178,0.16983294818609573,0.3159636124000755
887,0.020127098588412176,0.16979664225854052,0.31559940128068914
888,0.020149789793134174,0.16976033633098533,0.3152353841113972
889,0.020172480997856172,0.16972403040343015,0.31487155159397767
890,0.02019517220257817,0.16968772447587493,0.31450789444286903
891,0.02021786340730017,0.16965141854831975,0.31414440338698496
892,0.020240554612022166,0.16961511262076454,0.3137810691715319
893,0.020263245816744165,0.16957880669320935,0.31341788255982445
894,0.020285937021466163,0.16954250076565414,0.3130548343351033
895,0.02030862822618816,0.16950619483809895,0.31269191530235096
896,0.020331319430910155,0.16946988891054376,0.3123291162901065
897,0.020354010635632153,0.16943358298298855,0.3119664281522824
898,0.02037670184035415,0.16939727705543337,0.31160384176997613
899,0.02039939304507615,0.16936097112787818,0.3112413480532831
900,0.020422084249798148,0.16932466520032297,0.31087893794310756
901,0.020444775454520146,0.16928835927276778,0.3105166024129692
902,0.020467466659242144,0.1692520533452126,0.31015433247081187
903,0.02049015786396414,0.16921574741765738,0.30979211916080485
904,0.02051284906868614,0.1691794414901022,0.3094299535651433
905,0.020535540273408138,0.16914313556254698,0.3090678268058478
906,0.020558231478130136,0.1691068296349918,0.308705730046556
907,0.020580922682852134,0.16907052370743658,0.3083436544943145
908,0.020603613887574132,0.1690342177798814,0.3079815914013631
909,0.02062630509229613,0.1689979118523262,0.30761953206691894
910,0.020648996297018128,0.168961605924771,0.30725746783895214
911,0.020671687501740126,0.1689252999972158,0.3068953901159582
912,0.020694378706462124,0.16888899406966063,0.30653329034872595
913,0.020717069911184122,0.1688526881421054,0.3061711600420989
914,0.02073976111590612,0.16881638221455023,0.30580899075673035
915,0.02076245232062812,0.168780076286995,0.3054467741108339
916,0.020785143525350117,0.16874377035943983,0.3050845017819272
917,0.020807834730072115,0.1687074644318846,0.30472216550856773
918,0.020830525934794113,0.16867115850432943,0.3043597570920836
919,0.02085321713951611,0.16863485257677424,0.3039972683982954
920,0.02087590834423811,0.16859854664921903,0.3036346913592317
921,0.020898599548960107,0.16856224072166384,0.30327201797483644
922,0.020921290753682105,0.16852593479410866,0.3029092403146671
923,0.020943981958404103,0.16848962886655344,0.3025463505195865
924,0.0209666731631261,0.16845332293899826,0.30218334080344367
925,0.020989364367848096,0.16841701701144307,0.30182020345474814
926,0.021012055572570094,0.16838071108388786,0.30145693083833225
927,0.021034746777292092,0.16834440515633267,0.3010935153970058
928,0.02105743798201409,0.16830809922877746,0.3007299496532001
929,0.021080129186736088,0.16827179330122227,0.30036622621060266
930,0.021102820391458086,0.16823548737366706,0.30000233775577895
931,0.021125511596180084,0.16819918144611187,0.29963827705978646
932,0.021148202800902082,0.1681628755185567,0.29927403697977695
933,0.02117089400562408,0.16812656959100147,0.2989096104605844
934,0.021193585210346078,0.1680902636634463,0.298544990536306
935,0.021216276415068076,0.1680539577358911,0.2981801703318675
936,0.021238967619790074,0.1680176518083359,0.297815143064578
937,0.021261658824512072,0.1679813458807807,0.29744990204567157
938,0.02128435002923407,0.1679450399532255,0.29708444068183737
939,0.02130704123395607,0.1679087340256703,0.2967187524767337
940,0.021329732438678067,0.1678724280981151,0.29635283103249277
941,0.021352423643400065,0.1678361221705599,0.2959866700512073
942,0.021375114848122063,0.16779981624300472,0.29562026333640795
943,0.02139780605284406,0.1677635103154495,0.295253604794521
944,0.02142049725756606,0.16772720438789432,0.2948866884363173
945,0.021443188462288057,0.16769089846033913,0.2945195083783407
946,0.021465879667010055,0.16765459253278392,0.2941520588443268
947,0.021488570871732053,0.16761828660522873,0.2937843341666013
948,0.02151126207645405,0.16758198067767352,0.29341632878746693
949,0.02153395328117605,0.16754567475011833,0.29304803726057027
950,0.021556644485898047,0.16750936882256312,0.2926794542522568
951,0.021579335690620045,0.16747306289500793,0.29231057454290493
952,0.021602026895342043,0.16743675696745275,0.2919413930282473
953,0.021624718100064038,0.16740045103989754,0.29157190472067124
954,0.021647409304786036,0.16736414511234235,0.2912021047505051
955,0.021670100509508034,0.16732783918478716,0.2908319883672845
956,0.021692791714230032,0.16729153325723195,0.2904615509410021
957,0.02171548291895203,0.16725522732967676,0.29009078796333837
958,0.02173817412367403,0.16721892140212158,0.2897196950488749
959,0.021760865328396026,0.16718261547456637,0.2893482679362873
960,0.021783556533118024,0.16714630954701118,0.2889765024895209
961,0.021806247737840023,0.16711000361945597,0.28860439469894605
962,0.02182893894256202,0.16707369769190078,0.2882319406824942
963,0.02185163014728402,0.16703739176434557,0.2878591366867739
964,0.021874321352006017,0.16700108583679038,0.28748597908816825
965,0.021897012556728015,0.1669647799092352,0.2871124643939091
966,0.021919703761450013,0.16692847398167998,0.2867385892431328
967,0.02194239496617201,0.1668921680541248,0.2863643504079159
968,0.02196508617089401,0.1668558621265696,0.28598974479428735
969,0.021987777375616007,0.1668195561990144,0.28561476944322045
970,0.022010468580338005,0.1667832502714592,0.2852394215316047
971,0.022033159785060003,0.166746944343904,0.28486369837319214
972,0.022055850989782,0.1667106384163488,0.2844875974195266
973,0.022078542194504,0.1666743324887936,0.28411111626084573
974,0.022101233399225997,0.1666380265612384,0.2837342526269639
975,0.022123924603947995,0.16660172063368323,0.2833570043881307
976,0.022146615808669994,0.166565414706128,0.28297936955586656
977,0.02216930701339199,0.16652910877857283,0.28260134628377553
978,0.02219199821811399,0.16649280285101764,0.28222293286833466
979,0.022214689422835988,0.16645649692346243,0.28184412774965856
980,0.022237380627557986,0.16642019099590724,0.28146492951224117
981,0.022260071832279984,0.16638388506835203,0.2810853368856738
982,0.02228276303700198,0.16634757914079684,0.2807053487453357
983,0.022305454241723977,0.16631127321324166,0.28032496411306457
984,0.022328145446445975,0.16627496728568644,0.2799441821577986
985,0.022350836651167973,0.16623866135813126,0.2795630021961951
986,0.02237352785588997,0.16620235543057604,0.27918142369322346
987,0.02239621906061197,0.16616604950302086,0.27879944626273273
988,0.022418910265333967,0.16612974357546567,0.2784170696679934
989,0.022441601470055965,0.16609343764791046,0.27803429382221334
990,0.022464292674777963,0.16605713172035527,0.27765111878902826
991,0.02248698387949996,0.1660208257928001,0.2772675447829656
992,0.02250967508422196,0.16598451986524487,0.27688357216987974
993,0.022532366288943957,0.1659482139376897,0.27649920146736545
994,0.022555057493665955,0.16591190801013447,0.2761144333451397
995,0.022577748698387953,0.1658756020825793,0.2757292686253993
996,0.02260043990310995,0.16583929615502407,0.2753437082831493
997,0.02262313110783195,0.1658029902274689,0.27495775344650775
998,0.022645822312553947,0.1657666842999137,0.2745714053969773
999,0.022668513517275946,0.1657303783723585,0.2741846655696942
1000,0.022691204721997944,0.1656940724448033,0.2737975355536468
1001,0.02271389592671994,0.16565776651724812,0.27341001709186646
1002,0.02273658713144194,0.1656214605896929,0.2730221120815906
1003,0.022759278336163938,0.16558515466213772,0.27263382257439756
1004,0.022781969540885936,0.1655488487345825,0.272245150776312
1005,0.022804660745607934,0.16551254280702732,0.27185609904788344
1006,0.022827351950329932,0.1654762368794721,0.27146666990423307
1007,0.02285004315505193,0.16543993095191692,0.271076866015075
1008,0.022872734359773928,0.16540362502436173,0.2706866902047069
1009,0.022895425564495926,0.16536731909680652,0.27029614545197056
1010,0.02291811676921792,0.16533101316925133,0.2699052348901847
1011,0.02294080797393992,0.16529470724169615,0.26951396180704756
1012,0.022963499178661917,0.16525840131414093,0.26912232964450944
1013,0.022986190383383915,0.16522209538658575,0.2687303419986181
1014,0.023008881588105913,0.16518578945903056,0.2683380026193299
1015,0.02303157279282791,0.16514948353147535,0.2679453154102948
1016,0.02305426399754991,0.16511317760392016,0.26755228442861145
1017,0.023076955202271907,0.16507687167636495,0.2671589138845482
1018,0.023099646406993905,0.16504056574880976,0.2667652081412384
1019,0.023122337611715903,0.16500425982125455,0.2663711717143437
1020,0.0231450288164379,0.16496795389369937,0.2659768092716863
1021,0.0231677200211599,0.16493164796614418,0.2655821256328514
1022,0.023190411225881898,0.16489534203858897,0.26518712576875886
1023,0.023213102430603896,0.16485903611103378,0.2647918148012056
1024,0.023235793635325894,0.1648227301834786,0.2643961980023742
1025,0.023258484840047892,0.16478642425592338,0.26400028079431487
1026,0.02328117604476989,0.1647501183283682,0.2636040687483929
1027,0.023303867249491888,0.16471381240081298,0.26320756758470804
1028,0.023326558454213886,0.1646775064732578,0.26281078317148066
1029,0.023349249658935884,0.16464120054570258,0.2624137215244087
1030,0.023371940863657882,0.1646048946181474,0.26201638880599326
1031,0.02339463206837988,0.1645685886905922,0.26161879132483234
1032,0.023417323273101878,0.164532282763037,0.26122093553488385
1033,0.023440014477823876,0.1644959768354818,0.2608228280346984
1034,0.023462705682545874,0.16445967090792663,0.26042447556661996
1035,0.023485396887267872,0.1644233649803714,0.2600258850159559
1036,0.02350808809198987,0.16438705905281623,0.2596270634101153
1037,0.02353077929671187,0.164350753125261,0.2592280179177169
1038,0.023553470501433867,0.16431444719770583,0.25882875584766496
1039,0.02357616170615586,0.16427814127015064,0.2584292846481952
1040,0.02359885291087786,0.16424183534259543,0.2580296119058877
1041,0.023621544115599857,0.16420552941504024,0.25762974534465116
1042,0.023644235320321855,0.16416922348748503,0.2572296928246735
1043,0.023666926525043853,0.16413291755992984,0.25682946234134296
1044,0.02368961772976585,0.16409661163237466,0.2564290620241371
1045,0.02371230893448785,0.16406030570481944,0.2560285001354824
1046,0.023735000139209848,0.16402399977726426,0.2556277850695801
1047,0.023757691343931846,0.16398769384970907,0.2552269253512038
1048,0.023780382548653844,0.16395138792215386,0.2548259296344643
1049,0.023803073753375842,0.16391508199459867,0.2544248067015444
1050,0.02382576495809784,0.16387877606704346,0.2540235654614026
1051,0.023848456162819838,0.16384247013948827,0.25362221494844533
1052,0.023871147367541836,0.16380616421193306,0.2532207643211706
1053,0.023893838572263834,0.16376985828437787,0.2528192228607777
1054,0.023916529776985832,0.1637335523568227,0.25241759996974983
1055,0.02393922098170783,0.16369724642926747,0.2520159051704034
1056,0.02396191218642983,0.1636609405017123,0.2516141481034087
1057,0.023984603391151826,0.1636246345741571,0.2512123385262788
1058,0.024007294595873824,0.1635883286466019,0.25081048631183017
1059,0.024029985800595823,0.1635520227190467,0.2504086014466108
1060,0.02405267700531782,0.1635157167914915,0.2500066940293003
1061,0.02407536821003982,0.1634794108639363,0.24960477426907995
1062,0.024098059414761817,0.1634431049363811,0.24920285248397006
1063,0.024120750619483815,0.1634067990088259,0.24880093909914214
1064,0.024143441824205813,0.16337049308127072,0.24839904464519819
1065,0.02416613302892781,0.1633341871537155,0.24799717975642183
1066,0.02418882423364981,0.16329788122616032,0.24759535516900044
1067,0.024211515438371804,0.16326157529860513,0.24719358171921685
1068,0.0242342066430938,0.16322526937104992,0.24679187034161348
1069,0.0242568978478158,0.16318896344349473,0.24639023206712696
1070,0.024279589052537798,0.16315265751593955,0.24598867802119417
1071,0.024302280257259796,0.16311635158838433,0.24558721942182987
1072,0.024324971461981794,0.16308004566082915,0.24518586757767552
1073,0.024347662666703792,0.16304373973327393,0.24478463388602084
1074,0.02437035387142579,0.16300743380571875,0.24438352983079603
1075,0.024393045076147788,0.16297112787816354,0.24398256698053816
1076,0.024415736280869786,0.16293482195060835,0.243581756986328
1077,0.024438427485591784,0.16289851602305316,0.2431811115796999
1078,0.024461118690313782,0.16286221009549795,0.24278064257052573
1079,0.02448380989503578,0.16282590416794276,0.24238036184487066
1080,0.02450650109975778,0.16278959824038758,0.24198028136282185
1081,0.024529192304479776,0.16275329231283236,0.2415804131562913
1082,0.024551883509201775,0.16271698638527718,0.2411807693267924
1083,0.024574574713923773,0.16268068045772197,0.24078136204319006
1084,0.02459726591864577,0.16264437453016678,0.24038220353942497
1085,0.02461995712336777,0.16260806860261157,0.2399833061122122
1086,0.024642648328089767,0.16257176267505638,0.23958468211871392
1087,0.024665339532811765,0.1625354567475012,0.23918634397418914
1088,0.024688030737533763,0.16249915081994598,0.23878830414961538
1089,0.02471072194225576,0.1624628448923908,0.2383905751692883
1090,0.02473341314697776,0.1624265389648356,0.2379931696083949
1091,0.024756104351699757,0.1623902330372804,0.23759610009056542
1092,0.024778795556421755,0.1623539271097252,0.23719937928539797
1093,0.024801486761143753,0.16231762118217,0.23680301990596297
1094,0.02482417796586575,0.1622813152546148,0.2364070347062825
1095,0.02484686917058775,0.1622450093270596,0.23601143647878564
1096,0.024869560375309744,0.1622087033995044,0.23561623805174536
1097,0.024892251580031742,0.16217239747194923,0.23522145228668812
1098,0.02491494278475374,0.162136091544394,0.23482709207578517
1099,0.024937633989475738,0.16209978561683883,0.23443317033922006
1100,0.024960325194197736,0.16206347968928364,0.2340397000225366
1101,0.024983016398919734,0.16202717376172843,0.233646694093963
1102,0.025005707603641732,0.16199086783417324,0.23325416554171918
1103,0.02502839880836373,0.16195456190661806,0.23286212737130085
1104,0.02505109001308573,0.16191825597906284,0.23247059260274344
1105,0.025073781217807727,0.16188195005150766,0.23207957426787063
1106,0.025096472422529725,0.16184564412395244,0.23168908540751654
1107,0.025119163627251723,0.16180933819639726,0.23129913906873656
1108,0.02514185483197372,0.16177303226884204,0.23090974830199323
1109,0.02516454603669572,0.16173672634128686,0.2305209261583298
1110,0.025187237241417717,0.16170042041373167,0.23013268568652062
1111,0.025209928446139715,0.16166411448617646,0.229745039930209
1112,0.025232619650861713,0.16162780855862127,0.22935800192502387
1113,0.02525531085558371,0.1615915026310661,0.2289715846956839
1114,0.02527800206030571,0.16155519670351087,0.2285858012530817
1115,0.025300693265027707,0.1615188907759557,0.22820066459135596
1116,0.025323384469749705,0.16148258484840047,0.22781618768494605
1117,0.025346075674471703,0.1614462789208453,0.22743238348563166
1118,0.0253687668791937,0.16140997299329007,0.227049264919559
1119,0.0253914580839157,0.1613736670657349,0.22666684488425365
1120,0.025414149288637698,0.1613373611381797,0.22628513624561797
1121,0.025436840493359696,0.1613010552106245,0.22590415183491658
1122,0.025459531698081694,0.1612647492830693,0.2255239044457501
1123,0.02548222290280369,0.16122844335551412,0.22514440683101572
1124,0.025504914107525686,0.1611921374279589,0.22476567169985479
1125,0.025527605312247684,0.16115583150040372,0.22438771171459315
1126,0.025550296516969682,0.16111952557284853,0.2240105394876673
1127,0.02557298772169168,0.16108321964529332,0.2236341675785411
1128,0.02559567892641368,0.16104691371773813,0.22325860849061457
1129,0.025618370131135677,0.16101060779018292,0.2228838746681216
1130,0.025641061335857675,0.16097430186262773,0.22250997849301968
1131,0.025663752540579673,0.16093799593507252,0.22213693228187253
1132,0.02568644374530167,0.16090169000751733,0.22176474828272308
1133,0.02570913495002367,0.16086538407996215,0.22139343867196165
1134,0.025731826154745667,0.16082907815240693,0.22102301555118647
1135,0.025754517359467665,0.16079277222485175,0.22065349094405834
1136,0.025777208564189663,0.16075646629729656,0.22028487679315006
1137,0.02579989976891166,0.16072016036974135,0.2199171849567919
1138,0.02582259097363366,0.16068385444218616,0.21955042720591117
1139,0.025845282178355657,0.16064754851463095,0.21918461522086996
1140,0.025867973383077655,0.16061124258707576,0.21881976058829927
1141,0.025890664587799653,0.16057493665952055,0.218455874797929
1142,0.02591335579252165,0.16053863073196536,0.21809296923941968
1143,0.02593604699724365,0.16050232480441018,0.21773105519918984
1144,0.025958738201965648,0.16046601887685497,0.2173701438572444
1145,0.025981429406687646,0.16042971294929978,0.21701024628400317
1146,0.026004120611409644,0.1603934070217446,0.2166513734371286
1147,0.026026811816131642,0.16035710109418938,0.21629353615835645
1148,0.02604950302085364,0.1603207951666342,0.2159367451703288
1149,0.026072194225575638,0.16028448923907898,0.21558101107342792
1150,0.026094885430297636,0.1602481833115238,0.21522634434261445
1151,0.026117576635019634,0.16021187738396858,0.21487275532427064
1152,0.026140267839741632,0.1601755714564134,0.21452025423304688
1153,0.026162959044463627,0.1601392655288582,0.21416885114871387
1154,0.026185650249185625,0.160102959601303,0.2138185560130213
1155,0.026208341453907623,0.1600666536737478,0.2134693786265645
1156,0.02623103265862962,0.16003034774619262,0.21312132864565564
1157,0.02625372386335162,0.1599940418186374,0.21277441557920662
1158,0.026276415068073617,0.15995773589108223,0.21242864878561973
1159,0.026299106272795615,0.15992142996352704,0.21208403746968585
1160,0.026321797477517613,0.15988512403597183,0.21174059067949813
1161,0.02634448868223961,0.15984881810841664,0.2113983173033731
1162,0.02636717988696161,0.15981251218086143,0.2110572260667838
1163,0.026389871091683607,0.15977620625330624,0.21071732552931005
1164,0.026412562296405605,0.15973990032575103,0.2103786240815969
1165,0.026435253501127604,0.15970359439819584,0.21004112994233187
1166,0.0264579447058496,0.15966728847064066,0.20970485115523535
1167,0.0264806359105716,0.15963098254308544,0.20936979558606883
1168,0.026503327115293598,0.15959467661553026,0.20903597091965764
1169,0.026526018320015596,0.15955837068797507,0.20870338465693478
1170,0.026548709524737594,0.15952206476041986,0.20837204411200172
1171,0.026571400729459592,0.15948575883286467,0.20804195640920764
1172,0.02659409193418159,0.15944945290530946,0.20771312848025314
1173,0.026616783138903588,0.15941314697775427,0.20738556706131095
1174,0.026639474343625586,0.15937684105019906,0.2070592786901715
1175,0.026662165548347584,0.15934053512264387,0.20673426970341202
1176,0.026684856753069582,0.1593042291950887,0.20641054623358812
1177,0.02670754795779158,0.15926792326753347,0.20608811420645118
1178,0.02673023916251358,0.1592316173399783,0.205766979338193
1179,0.026752930367235576,0.1591953114124231,0.20544714713271683
1180,0.026775621571957575,0.1591590054848679,0.20512862287893385
1181,0.02679831277667957,0.1591226995573127,0.20481141164809397
1182,0.026821003981401567,0.15908639362975752,0.20449551829114176
1183,0.026843695186123565,0.1590500877022023,0.20418094743610593
1184,0.026866386390845563,0.15901378177464712,0.2038677034855202
1185,0.02688907759556756,0.1589774758470919,0.20355579061387652
1186,0.02691176880028956,0.15894116991953672,0.2032452127651152
1187,0.026934460005011557,0.1589048639919815,0.20293597365014604
1188,0.026957151209733556,0.15886855806442632,0.2026280767444092
1189,0.026979842414455554,0.15883225213687113,0.20232152528547148
1190,0.02700253361917755,0.15879594620931592,0.20201632227066307
1191,0.02702522482389955,0.15875964028176073,0.20171247045475027
1192,0.027047916028621548,0.15872333435420555,0.20140997234765373
1193,0.027070607233343546,0.15868702842665033,0.20110883021220483
1194,0.027093298438065544,0.15865072249909515,0.20080904606194572
1195,0.027115989642787542,0.15861441657153993,0.20051062165897537
1196,0.02713868084750954,0.15857811064398475,0.20021355851183908
1197,0.027161372052231538,0.15854180471642954,0.19991785787346467
1198,0.027184063256953536,0.15850549878887435,0.1996235207391474
1199,0.027206754461675534,0.15846919286131916,0.19933054784458415
1200,0.027229445666397532,0.15843288693376395,0.19903893966395508
1201,0.02725213687111953,0.15839658100620876,0.1987486964080616
1202,0.02727482807584153,0.15836027507865358,0.19845981802251106
1203,0.027297519280563527,0.15832396915109836,0.198172304185961
1204,0.027320210485285525,0.15828766322354318,0.19788615430841616
1205,0.027342901690007523,0.15825135729598797,0.19760136752958096
1206,0.02736559289472952,0.15821505136843278,0.19731794271727282
1207,0.02738828409945152,0.15817874544087757,0.197035878465893
1208,0.027410975304173517,0.15814243951332238,0.1967551730949577
1209,0.02743366650889551,0.1581061335857672,0.19647582464769364
1210,0.02745635771361751,0.15806982765821198,0.19619783088969334
1211,0.027479048918339508,0.1580335217306568,0.1959211893076388
1212,0.027501740123061506,0.1579972158031016,0.19564589710809016
1213,0.027524431327783504,0.1579609098755464,0.19537195121634066
1214,0.027547122532505502,0.1579246039479912,0.19509934827534275
1215,0.0275698137372275,0.15788829802043602,0.19482808464470502
1216,0.027592504941949498,0.1578519920928808,0.19455815639975904
1217,0.027615196146671496,0.15781568616532562,0.19428955933070052
1218,0.027637887351393494,0.1577793802377704,0.19402228894180884
1219,0.027660578556115492,0.15774307431021523,0.19375634045073853
1220,0.02768326976083749,0.15770676838266,0.1934917087878919
1221,0.027705960965559488,0.15767046245510483,0.1932283885958705
1222,0.027728652170281486,0.15763415652754964,0.1929663742290087
1223,0.027751343375003484,0.15759785059999443,0.19270565975298942
1224,0.027774034579725482,0.15756154467243924,0.1924462389445447
1225,0.02779672578444748,0.15752523874488406,0.19218810529124397
1226,0.02781941698916948,0.15748893281732884,0.19193125199136768
1227,0.027842108193891477,0.15745262688977366,0.19167567195387214
1228,0.027864799398613475,0.15741632096221844,0.19142135779844588
1229,0.027887490603335473,0.15738001503466326,0.19116830185565908
1230,0.02791018180805747,0.15734370910710804,0.19091649616720585
1231,0.02793287301277947,0.15730740317955286,0.19066593248624558
1232,0.027955564217501467,0.15727109725199767,0.19041660227784096
1233,0.027978255422223465,0.15723479132444246,0.1901684967194966
1234,0.028000946626945463,0.15719848539688727,0.18992160670179942
1235,0.02802363783166746,0.1571621794693321,0.18967592282916207
1236,0.02804632903638946,0.15712587354177687,0.18943143542067398
1237,0.028069020241111457,0.1570895676142217,0.18918813451105582
1238,0.028091711445833452,0.1570532616866665,0.18894600985172844
1239,0.02811440265055545,0.1570169557591113,0.1887050509119872
1240,0.028137093855277448,0.1569806498315561,0.18846524688029515
1241,0.028159785059999446,0.1569443439040009,0.18822658666568537
1242,0.028182476264721444,0.1569080379764457,0.18798905889928524
1243,0.028205167469443442,0.1568717320488905,0.1877526519359567
1244,0.02822785867416544,0.1568354261213353,0.1875173538560584
1245,0.02825054987888744,0.15679912019378012,0.18728315246732946
1246,0.028273241083609436,0.1567628142662249,0.18705003530690018
1247,0.028295932288331434,0.15672650833866972,0.18681798964342827
1248,0.028318623493053433,0.15669020241111453,0.18658700247936466
1249,0.02834131469777543,0.15665389648355932,0.18635706055334883
1250,0.02836400590249743,0.15661759055600413,0.18612815034273994
1251,0.028386697107219427,0.15658128462844892,0.18590025806628158
1252,0.028409388311941425,0.15654497870089373,0.18567336968690334
1253,0.028432079516663423,0.15650867277333852,0.18544747091466363
1254,0.02845477072138542,0.15647236684578333,0.18522254720983305
1255,0.02847746192610742,0.15643606091822815,0.18499858378612166
1256,0.028500153130829417,0.15639975499067293,0.18477556561405323
1257,0.028522844335551415,0.15636344906311775,0.1845534774244862
1258,0.028545535540273413,0.15632714313556256,0.18433230371228765
1259,0.02856822674499541,0.15629083720800735,0.18411202874015725
1260,0.02859091794971741,0.15625453128045216,0.1838926365426094
1261,0.028613609154439407,0.15621822535289695,0.18367411093010877
1262,0.028636300359161405,0.15618191942534176,0.1834564354933702
1263,0.028658991563883403,0.15614561349778655,0.18323959360781727
1264,0.0286816827686054,0.15610930757023136,0.18302356843820633
1265,0.0287043739733274,0.15607300164267618,0.18280834294341708
1266,0.028727065178049394,0.15603669571512097,0.18259389988141328
1267,0.028749756382771392,0.15600038978756578,0.18238022181437347
1268,0.02877244758749339,0.1559640838600106,0.18216729111399665
1269,0.02879513879221539,0.15592777793245538,0.18195508996698423
1270,0.028817829996937386,0.1558914720049002,0.1817436003807003
1271,0.028840521201659385,0.155855166077345,0.1815328041890139
1272,0.028863212406381383,0.1558188601497898,0.18132268305832444
1273,0.02888590361110338,0.1557825542222346,0.1811132184937741
1274,0.02890859481582538,0.1557462482946794,0.18090439184564905
1275,0.028931286020547377,0.1557099423671242,0.18069618431596995
1276,0.028953977225269375,0.155673636439569,0.1804885769652807
1277,0.028976668429991373,0.1556373305120138,0.1802815507196282
1278,0.02899935963471337,0.15560102458445862,0.18007508637774633
1279,0.02902205083943537,0.1555647186569034,0.179869164618438
1280,0.029044742044157367,0.15552841272934823,0.1796637660081623
1281,0.029067433248879365,0.15549210680179304,0.17945887100883062
1282,0.029090124453601363,0.15545580087423783,0.17925445998580813
1283,0.02911281565832336,0.15541949494668264,0.1790505132161323
1284,0.02913550686304536,0.15538318901912743,0.17884701089694283
1285,0.029158198067767357,0.15534688309157224,0.1786439331541293
1286,0.029180889272489356,0.15531057716401703,0.1784412600512026
1287,0.029203580477211354,0.15527427123646184,0.1782389715983833
1288,0.02922627168193335,0.15523796530890666,0.17803704776192197
1289,0.02924896288665535,0.15520165938135144,0.17783546847364373
1290,0.029271654091377348,0.15516535345379626,0.17763421364072596
1291,0.029294345296099346,0.15512904752624107,0.1774332631557089
1292,0.029317036500821344,0.15509274159868586,0.17723259690674426
1293,0.029339727705543342,0.15505643567113067,0.17703219478808185
1294,0.02936241891026534,0.15502012974357546,0.1768320367108005
1295,0.029385110114987335,0.15498382381602027,0.17663210261378226
1296,0.029407801319709333,0.15494751788846509,0.17643237247493548
1297,0.02943049252443133,0.15491121196090987,0.1762328263226698
1298,0.02945318372915333,0.1548749060333547,0.17603344424762313
1299,0.029475874933875327,0.15483860010579947,0.17583420641464587
1300,0.029498566138597325,0.1548022941782443,0.1756350930750462
1301,0.029521257343319323,0.1547659882506891,0.17543608457909388
1302,0.02954394854804132,0.1547296823231339,0.17523716138879514
1303,0.02956663975276332,0.1546933763955787,0.17503830409093057
1304,0.029589330957485317,0.15465707046802352,0.17483949341036642
1305,0.029612022162207315,0.1546207645404683,0.17464071022364097
1306,0.029634713366929313,0.15458445861291312,0.17444193557282572
1307,0.02965740457165131,0.1545481526853579,0.1742431506796695
1308,0.02968009577637331,0.15451184675780272,0.17404433696002208
1309,0.029702786981095308,0.1544755408302475,0.173845476038547
1310,0.029725478185817306,0.15443923490269232,0.1736465497637228
1311,0.029748169390539304,0.15440292897513713,0.1734475402231339
1312,0.029770860595261302,0.15436662304758192,0.17324842975906102
1313,0.0297935517999833,0.15433031712002673,0.17304920098436394
1314,0.029816243004705298,0.15429401119247155,0.17284983679867272
1315,0.029838934209427296,0.15425770526491633,0.17265032040487605
1316,0.029861625414149294,0.15422139933736115,0.1724506353259208
1317,0.029884316618871292,0.15418509340980593,0.17225076542192203
1318,0.02990700782359329,0.15414878748225075,0.17205069490758546
1319,0.029929699028315288,0.15411248155469554,0.17185040836994608
1320,0.029952390233037286,0.15407617562714035,0.171649890786429
1321,0.029975081437759284,0.15403986969958516,0.17144912754322994
1322,0.029997772642481282,0.15400356377202995,0.17124810445402378
1323,0.030020463847203277,0.15396725784447476,0.17104680777900189
1324,0.030043155051925275,0.15393095191691958,0.17084522424424292
1325,0.030065846256647273,0.15389464598936436,0.1706433410614167
1326,0.03008853746136927,0.15385834006180918,0.17044114594782828
1327,0.03011122866609127,0.153822034134254,0.17023862714680582
1328,0.030133919870813267,0.15378572820669878,0.17003577344842985
1329,0.030156611075535265,0.1537494222791436,0.16983257421061398
1330,0.030179302280257263,0.15371311635158838,0.16962901938053726
1331,0.03020199348497926,0.1536768104240332,0.16942509951642976
1332,0.03022468468970126,0.15364050449647798,0.16922080580971838
1333,0.030247375894423258,0.1536041985689228,0.16901613010753302
1334,0.030270067099145256,0.1535678926413676,0.1688110649355798
1335,0.030292758303867254,0.1535315867138124,0.16860560352137877
1336,0.030315449508589252,0.1534952807862572,0.16839973981787848
1337,0.03033814071331125,0.15345897485870202,0.16819346852744244
1338,0.030360831918033248,0.1534226689311468,0.1679867851262143
1339,0.030383523122755246,0.15338636300359162,0.16777968588886705
1340,0.030406214327477244,0.1533500570760364,0.16757216791373475
1341,0.030428905532199242,0.15331375114848123,0.16736422914833865
1342,0.03045159673692124,0.153277445220926,0.16715586841529906
1343,0.03047428794164324,0.15324113929337083,0.16694708543865022
1344,0.030496979146365236,0.15320483336581564,0.1667378808705492
1345,0.030519670351087234,0.15316852743826043,0.16652825631839174
1346,0.030542361555809232,0.15313222151070524,0.16631821437233807
1347,0.03056505276053123,0.15309591558315006,0.1661077586332389
1348,0.03058774396525323,0.15305960965559484,0.16589689374099192
1349,0.030610435169975227,0.15302330372803966,0.16568562540330078
1350,0.030633126374697225,0.15298699780048444,0.16547396042486862
1351,0.030655817579419223,0.15295069187292926,0.16526190673701235
1352,0.030678508784141217,0.15291438594537407,0.16504947342770498
1353,0.030701199988863215,0.15287808001781886,0.16483667077205982
1354,0.030723891193585214,0.15284177409026367,0.16462351026324445
1355,0.03074658239830721,0.15280546816270846,0.16441000464384153
1356,0.03076927360302921,0.15276916223515327,0.16419616793765757
1357,0.030791964807751208,0.15273285630759809,0.16398201548197777
1358,0.030814656012473206,0.15269655038004287,0.16376756396027986
1359,0.030837347217195204,0.1526602444524877,0.163552831435406
1360,0.030860038421917202,0.1526239385249325,0.163337837383199
1361,0.0308827296266392,0.1525876325973773,0.16312260272660645
1362,0.030905420831361198,0.1525513266698221,0.16290714987025828
1363,0.030928112036083196,0.1525150207422669,0.1626915027355229
1364,0.030950803240805194,0.1524787148147117,0.1624756867960439
1365,0.030973494445527192,0.1524424088871565,0.1622597291137673
1366,0.03099618565024919,0.1524061029596013,0.16204365837545842
1367,0.03101887685497119,0.15236979703204612,0.1618275049297178
1368,0.031041568059693186,0.1523334911044909,0.16161130082450093
1369,0.031064259264415185,0.15229718517693572,0.1613950798451419
1370,0.031086950469137183,0.15226087924938053,0.16117887755289806
1371,0.03110964167385918,0.15222457332182532,0.16096273132400596
1372,0.03113233287858118,0.15218826739427013,0.16074668038926837
1373,0.031155024083303177,0.15215196146671492,0.16053076587416748
1374,0.031177715288025175,0.15211565553915973,0.1603150308395186
1375,0.031200406492747173,0.15207934961160452,0.16009952032266583
1376,0.03122309769746917,0.15204304368404933,0.1598842813792235
1377,0.03124578890219117,0.15200673775649415,0.1596693631253806
1378,0.03126848010691317,0.15197043182893893,0.15945481678076034
1379,0.03129117131163516,0.15193412590138375,0.15924069571185395
1380,0.03131386251635716,0.15189781997382856,0.15902705547602858
1381,0.03133655372107916,0.15186151404627335,0.15881395386611924
1382,0.03135924492580116,0.15182520811871816,0.1586014509556139
1383,0.031381936130523154,0.15178890219116298,0.15838960914443406
1384,0.031404627335245155,0.15175259626360776,0.15817849320532368
1385,0.03142731853996715,0.15171629033605258,0.1579681703308547
1386,0.03145000974468915,0.15167998440849736,0.15775871018105186
1387,0.031472700949411146,0.15164367848094218,0.1575501849316564
1388,0.03149539215413315,0.15160737255338697,0.15734266932302138
1389,0.03151808335885514,0.15157106662583178,0.15713624070966475
1390,0.031540774563577144,0.1515347606982766,0.1569309791104811
1391,0.03156346576829914,0.15149845477072138,0.15672696725961816
1392,0.03158615697302114,0.1514621488431662,0.15652429065804002
1393,0.031608848177743135,0.151425842915611,0.15632303762577626
1394,0.03163153938246513,0.1513895369880558,0.15612329935487046
1395,0.03165423058718713,0.1513532310605006,0.15592516996304878
1396,0.031676921791909125,0.15131692513294542,0.15572874654810404
1397,0.03169961299663113,0.1512806192053902,0.15553412924302074
1398,0.03172230420135312,0.15124431327783502,0.15534142127184475
1399,0.03174499540607512,0.1512080073502798,0.15515072900632237
1400,0.03176768661079712,0.15117170142272462,0.1549621620232997
1401,0.03179037781551912,0.1511353954951694,0.15477583316292692
1402,0.031813069020241114,0.15109908956761423,0.1545918585876515
1403,0.031835760224963115,0.15106278364005904,0.15441035784203483
1404,0.03185845142968511,0.15102647771250383,0.1542314539134011
1405,0.03188114263440711,0.15099017178494864,0.1540552732933319
1406,0.031903833839129106,0.15095386585739345,0.15388194604002942
1407,0.03192652504385111,0.15091755992983824,0.1537116058415569
1408,0.0319492162485731,0.15088125400228306,0.1535443900799779
1409,0.031971907453295104,0.15084494807472784,0.15338043989641553
1410,0.0319945986580171,0.15080864214717266,0.15321990025704846
1411,0.0320172898627391,0.15077233621961744,0.1530629200200554
1412,0.032039981067461094,0.15073603029206226,0.15290965200354284
1413,0.032062672272183096,0.15069972436450707,0.15276025305446161
1414,0.03208536347690509,0.15066341843695186,0.15261488411854907
1415,0.03210805468162709,0.15062711250939667,0.15247371031130363
1416,0.03213074588634909,0.15059080658184149,0.15233690099002878
1417,0.03215343709107109,0.15055450065428627,0.15220462982695998
1418,0.03217612829579308,0.15051819472673109,0.15207707488350614
1419,0.032198819500515084,0.15048188879917587,0.15195441868562726
1420,0.03222151070523708,0.1504455828716207,0.15183684830038002
1421,0.03224420190995908,0.15040927694406547,0.15172455541365043
1422,0.032266893114681075,0.1503729710165103,0.15161773640910942
1423,0.03228958431940307,0.1503366650889551,0.15151659244841997
1424,0.03231227552412507,0.1503003591613999,0.15142132955272342
1425,0.032334966728847066,0.1502640532338447,0.1513321586854413
1426,0.03235765793356907,0.15022774730628952,0.151249295836415
1427,0.03238034913829106,0.1501914413787343,0.15117296210743714
1428,0.03240304034301306,0.15015513545117912,0.15110338379918425
1429,0.03242573154773506,0.15011882952362393,0.15104079249961117
1430,0.03244842275245706,0.15008252359606872,0.1509854251738315
1431,0.032471113957179054,0.15004621766851353,0.15093752425551932
1432,0.032493805161901056,0.15000991174095832,0.15089733773989422
1433,0.03251649636662305,0.14997360581340313,0.15086511927829777
1434,0.03253918757134505,0.14993729988584792,0.15084112827443896
1435,0.032561878776067046,0.14990099395829273,0.1508256299823359
1436,0.03258456998078905,0.14986468803073755,0.1508188956059886
1437,0.03260726118551104,0.14982838210318233,0.15082120240086583
1438,0.032629952390233044,0.14979207617562715,0.15083283377722
1439,0.03265264359495504,0.14975577024807196,0.150854079405295
1440,0.03267533479967704,0.14971946432051675,0.1508852353224952
1441,0.032698026004399035,0.14968315839296156,0.1509266040425371
1442,0.032720717209121036,0.14964685246540635,0.15097849466667745
1443,0.03274340841384303,0.14961054653785116,0.15104122299704625
1444,0.03276609961856503,0.14957424061029595,0.15111511165216346
1445,0.03278879082328703,0.14953793468274076,0.15120049018469778
1446,0.03281148202800903,0.14950162875518558,0.15129769520152864
1447,0.03283417323273102,0.14946532282763036,0.15140707048617918
1448,0.032856864437453025,0.14942901690007518,0.15152896712370217
1449,0.03287955564217502,0.14939271097252,0.15166374362806695
1450,0.03290224684689702,0.14935640504496478,0.1518117660721418
1451,0.032924938051619015,0.1493200991174096,0.15197340822033933
1452,0.03294762925634101,0.1492837931898544,0.15214905166400772
1453,0.03297032046106301,0.1492474872622992,0.15233908595964607
1454,0.032993011665785006,0.149211181334744,0.15254390877002727
1455,0.03301570287050701,0.1491748754071888,0.15276392600832445
1456,0.033038394075229,0.1491385694796336,0.15299955198531623
1457,0.033061085279951004,0.1491022635520784,0.1532512095597784
1458,0.033083776484673,0.1490659576245232,0.1535193302921518
1459,0.033106467689395,0.14902965169696802,0.15380435460158065
1460,0.033129158894116995,0.1489933457694128,0.15410673192643076
1461,0.033151850098838996,0.14895703984185762,0.15442692088839233
1462,0.03317454130356099,0.14892073391430244,0.15476538946027435
1463,0.03319723250828299,0.14888442798674723,0.15512261513759895
1464,0.03321992371300499,0.14884812205919204,0.15549908511412347
1465,0.03324261491772699,0.14881181613163683,0.15589529646139966
1466,0.03326530612244898,0.14877551020408164,0.15631175631249078
