,time,alpha,beta
0,0.0,0.13,0.9873974619804938
1,2.269712916613186e-05,0.13000907885166646,0.9877906595811872
2,4.539425833226372e-05,0.13001815770333291,0.9881417615978138
3,6.809138749839559e-05,0.13002723655499937,0.9884514217144664
4,9.078851666452744e-05,0.13003631540666583,0.9887202922820254
5,0.0001134856458306593,0.13004539425833228,0.988949024116178
6,0.00013618277499679118,0.1300544731099987,0.9891382663005698
7,0.00015887990416292303,0.13006355196166516,0.9892886659950411
8,0.0001815770333290549,0.13007263081333162,0.9894008682489513
9,0.00020427416249518674,0.13008170966499807,0.9894755158195137
10,0.0002269712916613186,0.13009078851666453,0.9895132489951204
11,0.00024966842082745045,0.13009986736833098,0.9895147054236048
12,0.00027236554999358236,0.13010894621999744,0.9894805199454085
13,0.0002950626791597142,0.1301180250716639,0.9894113244315921
14,0.00031775980832584607,0.13012710392333035,0.9893077476266594
15,0.0003404569374919779,0.1301361827749968,0.9891704149961306
16,0.0003631540666581098,0.13014526162666326,0.9889999485788279
17,0.00038585119582424163,0.1301543404783297,0.9887969668438168
18,0.0004085483249903735,0.13016341932999614,0.9885620845519506
19,0.00043124545415650534,0.1301724981816626,0.9882959126219614
20,0.0004539425833226372,0.13018157703332905,0.9879990580010634
21,0.0004766397124887691,0.1301906558849955,0.9876721235399764
22,0.0004993368416549009,0.13019973473666197,0.9873157078723582
23,0.0005220339708210328,0.13020881358832842,0.9869304052985498
24,0.0005447310999871647,0.13021789243999488,0.986516805673604
25,0.0005674282291532965,0.13022697129166133,0.9860754942995275
26,0.0005901253583194284,0.1302360501433278,0.9856070518216684
27,0.0006128224874855602,0.13024512899499424,0.9851120541292183
28,0.0006355196166516921,0.13025420784666067,0.9845910722597359
29,0.0006582167458178239,0.13026328669832712,0.9840446723076632
30,0.0006809138749839558,0.13027236554999358,0.9834734153367403
31,0.0007036110041500876,0.13028144440166003,0.9828778572962931
32,0.0007263081333162196,0.1302905232533265,0.9822585489413093
33,0.0007490052624823515,0.13029960210499295,0.9816160357562437
34,0.0007717023916484833,0.1303086809566594,0.9809508578825062
35,0.0007943995208146152,0.13031775980832586,0.9802635500495505
36,0.000817096649980747,0.1303268386599923,0.979554641509516
37,0.0008397937791468789,0.13033591751165877,0.9788246559753614
38,0.0008624909083130107,0.13034499636332522,0.9780741115624114
39,0.0008851880374791426,0.13035407521499165,0.9773035207332811
40,0.0009078851666452744,0.1303631540666581,0.9765133902460899
41,0.0009305822958114063,0.13037223291832456,0.975704221105924
42,0.0009532794249775382,0.13038131176999102,0.9748765085194749
43,0.00097597655414367,0.13039039062165747,0.9740307418527892
44,0.0009986736833098018,0.13039946947332393,0.9731674045920885
45,0.0010213708124759337,0.13040854832499038,0.9722869743075674
46,0.0010440679416420656,0.13041762717665684,0.9713899226201386
47,0.0010667650708081975,0.1304267060283233,0.9704767151710489
48,0.0010894621999743294,0.13043578487998975,0.9695478115943056
49,0.0011121593291404611,0.1304448637316562,0.968603665491861
50,0.001134856458306593,0.13045394258332263,0.9676447244114954
51,0.001157553587472725,0.13046302143498908,0.9666714298273246
52,0.0011802507166388569,0.13047210028665554,0.9656842171228991
53,0.0012029478458049885,0.130481179138322,0.9646835155768176
54,0.0012256449749711205,0.13049025798998845,0.9636697483507957
55,0.0012483421041372524,0.1304993368416549,0.9626433324801514
56,0.0012710392333033843,0.13050841569332136,0.9616046788666327
57,0.0012937363624695162,0.13051749454498782,0.9605541922735376
58,0.0013164334916356479,0.13052657339665427,0.9594922713230727
59,0.0013391306208017798,0.13053565224832073,0.958419308495895
60,0.0013618277499679117,0.13054473109998718,0.9573356901327743
61,0.0013845248791340436,0.1305538099516536,0.956241796438342
62,0.0014072220083001753,0.13056288880332007,0.9551380014868481
63,0.0014299191374663072,0.13057196765498652,0.9540246732298913
64,0.001452616266632439,0.13058104650665298,0.952902173506068
65,0.001475313395798571,0.13059012535831943,0.9517708580524812
66,0.001498010524964703,0.1305992042099859,0.9506310765180661
67,0.0015207076541308346,0.13060828306165234,0.9494831724786778
68,0.0015434047832969665,0.1306173619133188,0.9483274834538957
69,0.0015661019124630984,0.13062644076498525,0.9471643409254935
70,0.0015887990416292303,0.1306355196166517,0.9459940703575239
71,0.001611496170795362,0.13064459846831816,0.9448169912179791
72,0.001634193299961494,0.1306536773199846,0.9436334170019706
73,0.0016568904291276259,0.13066275617165105,0.942443655256388
74,0.0016795875582937578,0.1306718350233175,0.9412480076059921
75,0.0017022846874598897,0.13068091387498396,0.9400467697808952
76,0.0017249818166260214,0.1306899927266504,0.938840231645383
77,0.0017476789457921533,0.13069907157831687,0.9376286772280396
78,0.0017703760749582852,0.13070815042998332,0.9364123847531333
79,0.001793073204124417,0.13071722928164978,0.9351916266732135
80,0.0018157703332905488,0.13072630813331623,0.9339666697028853
81,0.0018384674624566807,0.1307353869849827,0.9327377748537253
82,0.0018611645916228126,0.13074446583664914,0.9315051974702809
83,0.0018838617207889445,0.13075354468831557,0.9302691872671365
84,0.0019065588499550764,0.13076262353998203,0.929029988366993
85,0.001929255979121208,0.13077170239164848,0.927787839339731
86,0.00195195310828734,0.13078078124331494,0.9265429732424144
87,0.001974650237453472,0.1307898600949814,0.9252956176602032
88,0.0019973473666196036,0.13079893894664785,0.9240459947481398
89,0.0020200444957857357,0.1308080177983143,0.9227943212737714
90,0.0020427416249518674,0.13081709664998076,0.9215408086605725
91,0.0020654387541179996,0.1308261755016472,0.9202856630321467
92,0.0020881358832841312,0.13083525435331367,0.9190290852571538
93,0.002110833012450263,0.13084433320498012,0.9177712709949494
94,0.002133530141616395,0.13085341205664655,0.9165124107418945
95,0.0021562272707825268,0.130862490908313,0.9152526898783112
96,0.002178924399948659,0.13087156975997946,0.9139922887160477
97,0.0022016215291147906,0.13088064861164592,0.9127313825466271
98,0.0022243186582809223,0.13088972746331237,0.9114701416899528
99,0.0022470157874470544,0.13089880631497883,0.9102087315435354
100,0.002269712916613186,0.13090788516664528,0.9089473126322217
101,0.0022924100457793178,0.13091696401831174,0.9076860406583946
102,0.00231510717494545,0.1309260428699782,0.9064250665526169
103,0.0023378043041115816,0.13093512172164465,0.9051645365246944
104,0.0023605014332777137,0.1309442005733111,0.9039045921151346
105,0.0023831985624438454,0.13095327942497753,0.9026453702469726
106,0.002405895691609977,0.130962358276644,0.9013870032779456
107,0.0024285928207761092,0.13097143712831044,0.9001296190529852
108,0.002451289949942241,0.1309805159799769,0.8988733409570142
109,0.002473987079108373,0.13098959483164335,0.897618287968015
110,0.0024966842082745047,0.1309986736833098,0.8963645747103551
111,0.0025193813374406364,0.13100775253497626,0.8951123115083502
112,0.0025420784666067685,0.13101683138664272,0.8938616044400342
113,0.0025647755957729002,0.13102591023830917,0.8926125553911232
114,0.0025874727249390324,0.13103498908997563,0.8913652621091606
115,0.002610169854105164,0.13104406794164208,0.8901198182578028
116,0.0026328669832712957,0.1310531467933085,0.8888763134712542
117,0.002655564112437428,0.13106222564497497,0.8876348334088079
118,0.0026782612416035596,0.13107130449664142,0.8863954598094935
119,0.0027009583707696913,0.13108038334830788,0.8851582705468041
120,0.0027236554999358234,0.13108946219997433,0.8839233396834886
121,0.002746352629101955,0.1310985410516408,0.8826907375263942
122,0.002769049758268087,0.13110761990330724,0.8814605306813409
123,0.002791746887434219,0.1311166987549737,0.8802327821080149
124,0.0028144440166003506,0.13112577760664015,0.8790075511748635
125,0.0028371411457664827,0.1311348564583066,0.8777848937139804
126,0.0028598382749326144,0.13114393530997306,0.87656486207596
127,0.0028825354040987465,0.1311530141616395,0.8753475051847174
128,0.002905232533264878,0.13116209301330595,0.8741328685922523
129,0.00292792966243101,0.1311711718649724,0.8729209945333458
130,0.002950626791597142,0.13118025071663886,0.8717119219801778
131,0.0029733239207632737,0.1311893295683053,0.8705056866968569
132,0.002996021049929406,0.13119840841997177,0.8693023212938412
133,0.0030187181790955375,0.13120748727163822,0.8681018552822486
134,0.0030414153082616692,0.13121656612330468,0.8669043151280377
135,0.0030641124374278014,0.13122564497497113,0.8657097243060532
136,0.003086809566593933,0.1312347238266376,0.8645181033539254
137,0.003109506695760065,0.13124380267830404,0.8633294699258052
138,0.003132203824926197,0.13125288152997047,0.8621438388459379
139,0.0031549009540923286,0.13126196038163693,0.8609612221620556
140,0.0031775980832584607,0.13127103923330338,0.8597816291985844
141,0.0032002952124245924,0.13128011808496984,0.8586050666096512
142,0.003222992341590724,0.1312891969366363,0.8574315384318918
143,0.003245689470756856,0.13129827578830275,0.8562610461370385
144,0.003268386599922988,0.1313073546399692,0.8550935886842914
145,0.00329108372908912,0.13131643349163566,0.8539291625724574
146,0.0033137808582552517,0.13132551234330211,0.8527677618918479
147,0.0033364779874213834,0.13133459119496857,0.8516093783759396
148,0.0033591751165875155,0.13134367004663502,0.850454001452775
149,0.003381872245753647,0.13135274889830145,0.8493016182961046
150,0.0034045693749197793,0.1313618277499679,0.8481522138762673
151,0.003427266504085911,0.13137090660163436,0.8470057710107901
152,0.0034499636332520427,0.13137998545330082,0.8458622704147172
153,0.003472660762418175,0.13138906430496727,0.8447216907506426
154,0.0034953578915843065,0.13139814315663373,0.8435840086784622
155,0.0035180550207504387,0.13140722200830018,0.8424491989048184
156,0.0035407521499165704,0.13141630085996664,0.8413172342322485
157,0.003563449279082702,0.1314253797116331,0.8401880856080199
158,0.003586146408248834,0.13143445856329955,0.8390617221726543
159,0.003608843537414966,0.131443537414966,0.8379381113081316
160,0.0036315406665810976,0.13145261626663243,0.8368172186857673
161,0.0036542377957472297,0.1314616951182989,0.835699008313768
162,0.0036769349249133614,0.13147077396996534,0.834583442584446
163,0.0036996320540794935,0.1314798528216318,0.8334704823210991
164,0.003722329183245625,0.13148893167329825,0.8323600868245509
165,0.003745026312411757,0.1314980105249647,0.8312522139193396
166,0.003767723441577889,0.13150708937663116,0.8301468199995616
167,0.0037904205707440207,0.13151616822829762,0.8290438600743563
168,0.003813117699910153,0.13152524707996407,0.8279432878130368
169,0.0038358148290762845,0.13153432593163053,0.8268450555898573
170,0.003858511958242416,0.13154340478329699,0.8257491145284147
171,0.0038812090874085483,0.1315524836349634,0.8246554145456826
172,0.00390390621657468,0.13156156248662987,0.8235639043956752
173,0.003926603345740812,0.13157064133829632,0.8224745317127321
174,0.003949300474906944,0.13157972018996278,0.8213872430544302
175,0.003971997604073076,0.13158879904162923,0.8203019839441114
176,0.003994694733239207,0.1315978778932957,0.8192186989130261
177,0.004017391862405339,0.13160695674496214,0.8181373315420933
178,0.0040400889915714715,0.1316160355966286,0.8170578245032714
179,0.004062786120737603,0.13162511444829506,0.8159801196005314
180,0.004085483249903735,0.1316341932999615,0.8149041578104459
181,0.004108180379069867,0.13164327215162797,0.8138298793223725
182,0.004130877508235999,0.1316523510032944,0.8127572235782456
183,0.00415357463740213,0.13166142985496085,0.8116861293119613
184,0.0041762717665682625,0.1316705087066273,0.8106165345883638
185,0.004198968895734395,0.13167958755829376,0.8095483768418253
186,0.004221666024900526,0.13168866640996021,0.8084815929144186
187,0.004244363154066658,0.13169774526162667,0.8074161190936805
188,0.00426706028323279,0.13170682411329313,0.806351891149966
189,0.004289757412398921,0.13171590296495958,0.80528884437339
190,0.0043124545415650535,0.13172498181662604,0.8042269136103516
191,0.004335151670731186,0.1317340606682925,0.8031660332996493
192,0.004357848799897318,0.13174313951995895,0.8021061375081735
193,0.004380545929063449,0.13175221837162537,0.8010471599661813
194,0.004403243058229581,0.13176129722329183,0.7999890341021543
195,0.004425940187395713,0.13177037607495828,0.7989316930772329
196,0.0044486373165618445,0.13177945492662474,0.797875069819228
197,0.004471334445727977,0.1317885337782912,0.7968190970562087
198,0.004494031574894109,0.13179761262995765,0.7957637073496685
199,0.00451672870406024,0.1318066914816241,0.7947088331272604
200,0.004539425833226372,0.13181577033329056,0.7936544067151088
201,0.004562122962392504,0.13182484918495702,0.7926003603696918
202,0.0045848200915586355,0.13183392803662347,0.7915466263092972
203,0.004607517220724768,0.13184300688828993,0.7904931367450437
204,0.0046302143498909,0.13185208573995635,0.7894398239114773
205,0.004652911479057032,0.1318611645916228,0.7883866200967348
206,0.004675608608223163,0.13187024344328926,0.7873334576722716
207,0.004698305737389295,0.13187932229495572,0.7862802691221638
208,0.004721002866555427,0.13188840114662218,0.78522698707197
209,0.004743699995721559,0.13189747999828863,0.7841735443171677
210,0.004766397124887691,0.13190655884995509,0.7831198738511466
211,0.004789094254053823,0.13191563770162154,0.7820659088927742
212,0.004811791383219954,0.131924716553288,0.7810115829135251
213,0.004834488512386086,0.13193379540495445,0.7799568296641727
214,0.0048571856415522184,0.1319428742566209,0.7789015832010479
215,0.00487988277071835,0.13195195310828733,0.7778457779118605
216,0.004902579899884482,0.1319610319599538,0.7767893485410883
217,0.004925277029050614,0.13197011081162024,0.7757322302149248
218,0.004947974158216746,0.1319791896632867,0.7746743584657976
219,0.004970671287382877,0.13198826851495316,0.7736156692564422
220,0.0049933684165490095,0.1319973473666196,0.7725560990035504
221,0.005016065545715142,0.13200642621828607,0.7714955846009733
222,0.005038762674881273,0.13201550506995252,0.7704340634424957
223,0.005061459804047405,0.13202458392161898,0.7693714734441712
224,0.005084156933213537,0.13203366277328543,0.7683077530662216
225,0.005106854062379668,0.1320427416249519,0.7672428413345057
226,0.0051295511915458005,0.13205182047661831,0.7661766778615489
227,0.005152248320711933,0.13206089932828477,0.7651092028671416
228,0.005174945449878065,0.13206997817995123,0.7640403571985026
229,0.005197642579044196,0.13207905703161768,0.7629700823500087
230,0.005220339708210328,0.13208813588328414,0.7618983204824954
231,0.00524303683737646,0.1320972147349506,0.7608250144421197
232,0.0052657339665425915,0.13210629358661705,0.7597501077787971
233,0.005288431095708724,0.1321153724382835,0.7586735447642055
234,0.005311128224874856,0.13212445128994996,0.7575952704093584
235,0.005333825354040987,0.1321335301416164,0.7565152304817522
236,0.005356522483207119,0.13214260899328287,0.7554333715220819
237,0.005379219612373251,0.1321516878449493,0.7543496408605309
238,0.0054019167415393825,0.13216076669661575,0.7532639866326372
239,0.005424613870705515,0.1321698455482822,0.7521763577947307
240,0.005447310999871647,0.13217892439994866,0.7510867041389482
241,0.005470008129037779,0.13218800325161512,0.7499949763078245
242,0.00549270525820391,0.13219708210328157,0.7489011258084654
243,0.005515402387370042,0.13220616095494803,0.7478051050262938
244,0.005538099516536174,0.13221523980661448,0.7467068672383833
245,0.005560796645702306,0.13222431865828094,0.7456063666263698
246,0.005583493774868438,0.1322333975099474,0.7445035582889483
247,0.00560619090403457,0.13224247636161385,0.7433983982539557
248,0.005628888033200701,0.13225155521328028,0.7422908434900373
249,0.005651585162366833,0.13226063406494673,0.7411808519179045
250,0.005674282291532965,0.13226971291661319,0.7400683824211826
251,0.0056969794206990975,0.13227879176827964,0.738953394856847
252,0.005719676549865229,0.1322878706199461,0.7378358500652563
253,0.005742373679031361,0.13229694947161255,0.7367157098797783
254,0.005765070808197493,0.132306028323279,0.7355929371360139
255,0.005787767937363624,0.13231510717494546,0.7344674956806193
256,0.005810465066529756,0.13232418602661192,0.7333393503797314
257,0.0058331621956958886,0.13233326487827837,0.7322084671269914
258,0.00585585932486202,0.13234234372994483,0.7310748128511799
259,0.005878556454028152,0.13235142258161126,0.7299383555234521
260,0.005901253583194284,0.1323605014332777,0.7287990641641886
261,0.005923950712360415,0.13236958028494417,0.7276569088494529
262,0.0059466478415265474,0.13237865913661062,0.7265118607170673
263,0.00596934497069268,0.13238773798827708,0.7253638919722991
264,0.005992042099858812,0.13239681683994353,0.7242129758931741
265,0.006014739229024943,0.13240589569161,0.7230590868353994
266,0.006037436358191075,0.13241497454327644,0.7219022002369236
267,0.006060133487357207,0.1324240533949429,0.7207422926221113
268,0.0060828306165233385,0.13243313224660935,0.7195793416055521
269,0.006105527745689471,0.1324422110982758,0.7184133258955004
270,0.006128224874855603,0.13245128994994224,0.7172442252969511
271,0.006150922004021734,0.1324603688016087,0.7160720207143466
272,0.006173619133187866,0.13246944765327515,0.7148966941539302
273,0.006196316262353998,0.1324785265049416,0.7137182287257385
274,0.00621901339152013,0.13248760535660806,0.712536608645239
275,0.006241710520686262,0.1324966842082745,0.7113518192346191
276,0.006264407649852394,0.13250576305994097,0.7101638469237248
277,0.006287104779018526,0.13251484191160742,0.7089726792506528
278,0.006309801908184657,0.13252392076327388,0.7077783048620032
279,0.006332499037350789,0.13253299961494033,0.7065807135127934
280,0.006355196166516921,0.1325420784666068,0.7053798960660302
281,0.006377893295683053,0.13255115731827322,0.7041758444919586
282,0.006400590424849185,0.13256023616993967,0.7029685518669739
283,0.006423287554015317,0.13256931502160613,0.7017580123722115
284,0.006445984683181448,0.13257839387327258,0.7005442212918133
285,0.00646868181234758,0.13258747272493904,0.6993271750108746
286,0.006491378941513712,0.1325965515766055,0.6981068710130758
287,0.0065140760706798445,0.13260563042827195,0.6968833078780043
288,0.006536773199845976,0.1326147092799384,0.6956564852781627
289,0.006559470329012108,0.13262378813160486,0.6944264039756776
290,0.00658216745817824,0.1326328669832713,0.6931930658187051
291,0.006604864587344371,0.13264194583493777,0.691956473737536
292,0.006627561716510503,0.1326510246866042,0.6907166317404139
293,0.0066502588456766355,0.13266010353827065,0.6894735449090552
294,0.006672955974842767,0.1326691823899371,0.6882272193938894
295,0.006695653104008899,0.13267826124160356,0.6869776624090158
296,0.006718350233175031,0.13268734009327002,0.6857248822268764
297,0.006741047362341163,0.13269641894493647,0.6844688881726632
298,0.006763744491507294,0.13270549779660293,0.6832096906184456
299,0.0067864416206734265,0.13271457664826938,0.6819473009770388
300,0.006809138749839559,0.13272365549993584,0.680681731695605
301,0.00683183587900569,0.1327327343516023,0.6794129962489966
302,0.006854533008171822,0.13274181320326875,0.6781411091328471
303,0.006877230137337954,0.13275089205493518,0.6768660858564084
304,0.0068999272665040854,0.13275997090660163,0.6755879429351445
305,0.0069226243956702176,0.1327690497582681,0.6743066978830798
306,0.00694532152483635,0.13277812860993454,0.6730223692049127
307,0.006968018654002481,0.132787207461601,0.6717349763878943
308,0.006990715783168613,0.13279628631326745,0.6704445398934751
309,0.007013412912334745,0.1328053651649339,0.6691510811487296
310,0.007036110041500877,0.13281444401660036,0.667854622537558
311,0.007058807170667009,0.13282352286826682,0.66655518739167
312,0.007081504299833141,0.13283260171993327,0.665252799981359
313,0.007104201428999273,0.13284168057159973,0.6639474855060655
314,0.007126898558165404,0.13285075942326616,0.6626392700847364
315,0.007149595687331536,0.1328598382749326,0.6613281807459871
316,0.007172292816497668,0.13286891712659907,0.6600142454180649
317,0.0071949899456638,0.13287799597826552,0.6586974929186247
318,0.007217687074829932,0.13288707482993198,0.6573779529443143
319,0.007240384203996064,0.13289615368159843,0.6560556560601841
320,0.007263081333162195,0.1329052325332649,0.6547306336889092
321,0.007285778462328327,0.13291431138493134,0.6534029180998493
322,0.007308475591494459,0.1329233902365978,0.6520725423979299
323,0.0073311727206605915,0.13293246908826425,0.6507395405123639
324,0.007353869849826723,0.13294154793993068,0.6494039471852135
325,0.007376566978992855,0.13295062679159714,0.6480657979597946
326,0.007399264108158987,0.1329597056432636,0.646725129168929
327,0.007421961237325118,0.13296878449493005,0.6453819779230523
328,0.00744465836649125,0.1329778633465965,0.6440363820981768
329,0.0074673554956573825,0.13298694219826296,0.6426883803237204
330,0.007490052624823514,0.1329960210499294,0.6413380119701955
331,0.007512749753989646,0.13300509990159587,0.6399853171367738
332,0.007535446883155778,0.13301417875326232,0.6386303366387248
333,0.00755814401232191,0.13302325760492878,0.6372731119947345
334,0.007580841141488041,0.13303233645659523,0.635913685414106
335,0.0076035382706541735,0.1330414153082617,0.6345520997838494
336,0.007626235399820306,0.13305049415992812,0.6331883986556668
337,0.007648932528986437,0.13305957301159457,0.6318226262328318
338,0.007671629658152569,0.13306865186326103,0.6304548273569696
339,0.007694326787318701,0.13307773071492748,0.6290850474947463
340,0.007717023916484832,0.13308680956659394,0.627713332724465
341,0.0077397210456509645,0.1330958884182604,0.6263397297225798
342,0.007762418174817097,0.13310496726992685,0.624964285750123
343,0.007785115303983228,0.1331140461215933,0.6235870486390621
344,0.00780781243314936,0.13312312497325976,0.6222080667785794
345,0.007830509562315492,0.13313220382492622,0.6208273891012831
346,0.007853206691481623,0.13314128267659264,0.6194450650693594
347,0.007875903820647756,0.1331503615282591,0.6180611446606544
348,0.007898600949813888,0.13315944037992555,0.6166756783547127
349,0.007921298078980019,0.133168519231592,0.6152887171187531
350,0.007943995208146152,0.13317759808325846,0.613900312393603
351,0.007966692337312283,0.13318667693492492,0.6125105160795881
352,0.007989389466478414,0.13319575578659137,0.6111193805223811
353,0.008012086595644547,0.13320483463825783,0.6097269584988176
354,0.008034783724810679,0.13321391348992428,0.6083333032026753
355,0.00805748085397681,0.13322299234159074,0.6069384682304356
356,0.008080177983142943,0.1332320711932572,0.6055425075670096
357,0.008102875112309074,0.13324115004492365,0.6041454755714545
358,0.008125572241475205,0.13325022889659008,0.6027474269626695
359,0.008148269370641338,0.13325930774825653,0.6013484168050804
360,0.00817096649980747,0.133268386599923,0.5999485004943181
361,0.008193663628973603,0.13327746545158944,0.5985477337428916
362,0.008216360758139734,0.1332865443032559,0.5971461725658598
363,0.008239057887305865,0.13329562315492235,0.5957438732665097
364,0.008261755016471998,0.1333047020065888,0.594340892422038
365,0.00828445214563813,0.13331378085825527,0.5929372868692468
366,0.00830714927480426,0.13332285970992172,0.5915331136902515
367,0.008329846403970394,0.13333193856158818,0.5901284301982066
368,0.008352543533136525,0.1333410174132546,0.5887232939230552
369,0.008375240662302656,0.13335009626492106,0.5873177625973003
370,0.00839793779146879,0.13335917511658751,0.585911894141808
371,0.00842063492063492,0.13336825396825397,0.5845057466516398
372,0.008443332049801052,0.13337733281992042,0.5830993783819222
373,0.008466029178967185,0.13338641167158688,0.5816928477337513
374,0.008488726308133316,0.13339549052325334,0.5802862132401458
375,0.008511423437299447,0.1334045693749198,0.5788795335520392
376,0.00853412056646558,0.13341364822658625,0.5774728674243224
377,0.008556817695631712,0.1334227270782527,0.5760662737019387
378,0.008579514824797843,0.13343180592991916,0.5746598113060324
379,0.008602211953963976,0.1334408847815856,0.5732535392201558
380,0.008624909083130107,0.13344996363325204,0.5718475164765373
381,0.008647606212296238,0.1334590424849185,0.5704418021424104
382,0.008670303341462371,0.13346812133658495,0.5690364553064152
383,0.008693000470628503,0.1334772001882514,0.5676315350650636
384,0.008715697599794636,0.13348627903991786,0.5662271005092802
385,0.008738394728960767,0.13349535789158432,0.5648232107110179
386,0.008761091858126898,0.13350443674325077,0.5634199247099522
387,0.008783788987293031,0.13351351559491723,0.5620173015002542
388,0.008806486116459162,0.13352259444658368,0.5606154000174487
389,0.008829183245625294,0.13353167329825014,0.559214279125359
390,0.008851880374791427,0.1335407521499166,0.5578139976031381
391,0.008874577503957558,0.13354983100158302,0.5564146141323945
392,0.008897274633123689,0.13355890985324947,0.5550161872844054
393,0.008919971762289822,0.13356798870491593,0.5536187755074348
394,0.008942668891455953,0.13357706755658239,0.5522224371141422
395,0.008965366020622085,0.13358614640824884,0.5508272302690957
396,0.008988063149788218,0.1335952252599153,0.5494332129763888
397,0.009010760278954349,0.13360430411158175,0.5480404430673591
398,0.00903345740812048,0.1336133829632482,0.5466489781884191
399,0.009056154537286613,0.13362246181491466,0.5452588757889928
400,0.009078851666452744,0.13363154066658112,0.5438701931095652
401,0.009101548795618876,0.13364061951824754,0.5424829871698463
402,0.009124245924785009,0.133649698369914,0.5410973147570504
403,0.00914694305395114,0.13365877722158045,0.5397132324142931
404,0.009169640183117271,0.1336678560732469,0.5383307964291069
405,0.009192337312283404,0.13367693492491337,0.5369500628220796
406,0.009215034441449535,0.13368601377657982,0.5355710873356158
407,0.009237731570615667,0.13369509262824628,0.5341939254228231
408,0.0092604286997818,0.13370417147991273,0.532818632236524
409,0.00928312582894793,0.1337132503315792,0.5314452626183986
410,0.009305822958114064,0.13372232918324564,0.530073871088254
411,0.009328520087280195,0.1337314080349121,0.5287045118334287
412,0.009351217216446326,0.13374048688657852,0.527337238698328
413,0.00937391434561246,0.13374956573824498,0.525972105174094
414,0.00939661147477859,0.13375864458991144,0.524609164388411
415,0.009419308603944722,0.1337677234415779,0.523248469095452
416,0.009442005733110855,0.13377680229324435,0.5218900716659587
417,0.009464702862276986,0.1337858811449108,0.5205340240774635
418,0.009487399991443117,0.13379495999657726,0.5191803779046552
419,0.00951009712060925,0.1338040388482437,0.5178291843098835
420,0.009532794249775382,0.13381311769991017,0.5164804940338082
421,0.009555491378941513,0.13382219655157662,0.5151343573861945
422,0.009578188508107646,0.13383127540324308,0.5137908242368534
423,0.009600885637273777,0.13384035425490953,0.5124499440067258
424,0.009623582766439908,0.13384943310657596,0.5111117656591209
425,0.009646279895606041,0.13385851195824242,0.5097763376910954
426,0.009668977024772173,0.13386759080990887,0.5084437081249905
427,0.009691674153938304,0.13387666966157533,0.5071139245001107
428,0.009714371283104437,0.13388574851324178,0.5057870338645628
429,0.009737068412270568,0.13389482736490824,0.5044630827672403
430,0.0097597655414367,0.1339039062165747,0.5031421172499619
431,0.009782462670602832,0.13391298506824115,0.5018241828397662
432,0.009805159799768964,0.1339220639199076,0.5005093245413584
433,0.009827856928935097,0.13393114277157406,0.49919758682971127
434,0.009850554058101228,0.13394022162324049,0.49788901364282245
435,0.00987325118726736,0.13394930047490694,0.4965836483746293
436,0.009895948316433492,0.1339583793265734,0.4952815338680746
437,0.009918645445599623,0.13396745817823985,0.4939827124083358
438,0.009941342574765755,0.1339765370299063,0.4926872257162075
439,0.009964039703931888,0.13398561588157276,0.49139511494164223
440,0.009986736833098019,0.13399469473323922,0.49010642065744947
441,0.01000943396226415,0.13400377358490567,0.4888211828531538
442,0.010032131091430283,0.13401285243657213,0.48753944092901014
443,0.010054828220596414,0.13402193128823858,0.4862612336901785
444,0.010077525349762546,0.13403101013990504,0.48498659934105914
445,0.010100222478928679,0.1340400889915715,0.4837155754797845
446,0.01012291960809481,0.13404916784323792,0.48244819909287195
447,0.010145616737260941,0.13405824669490438,0.4811845065500372
448,0.010168313866427074,0.13406732554657083,0.47992453359916487
449,0.010191010995593205,0.1340764043982373,0.47866831536144006
450,0.010213708124759337,0.13408548324990374,0.47741588632663967
451,0.01023640525392547,0.1340945621015702,0.4761672803485849
452,0.010259102383091601,0.13410364095323665,0.47492253064074863
453,0.010281799512257732,0.1341127198049031,0.47368166977202875
454,0.010304496641423865,0.13412179865656956,0.47244472966267603
455,0.010327193770589996,0.13413087750823602,0.4712117415803845
456,0.01034989089975613,0.13413995635990245,0.4699827361365392
457,0.01037258802892226,0.1341490352115689,0.46875774328262243
458,0.010395285158088392,0.13415811406323536,0.46753679230678424
459,0.010417982287254525,0.1341671929149018,0.46631991183056254
460,0.010440679416420656,0.13417627176656827,0.4651071298057703
461,0.010463376545586787,0.13418535061823472,0.463898473511535
462,0.01048607367475292,0.13419442946990118,0.46269396955150033
463,0.010508770803919052,0.13420350832156763,0.46149364385118163
464,0.010531467933085183,0.1342125871732341,0.46029752165547977
465,0.010554165062251316,0.13422166602490054,0.45910562752635475
466,0.010576862191417447,0.134230744876567,0.45791798534064987
467,0.010599559320583578,0.13423982372823345,0.4567346182880785
468,0.010622256449749711,0.13424890257989988,0.4555555488693612
469,0.010644953578915843,0.13425798143156634,0.4543807988945202
470,0.010667650708081974,0.1342670602832328,0.4532103894813291
471,0.010690347837248107,0.13427613913489925,0.45204434105391544
472,0.010713044966414238,0.1342852179865657,0.4508826733415172
473,0.01073574209558037,0.13429429683823216,0.44972540537739325
474,0.010758439224746503,0.1343033756898986,0.4485725554978849
475,0.010781136353912634,0.13431245454156507,0.4474241413416309
476,0.010803833483078765,0.13432153339323152,0.4462801798489327
477,0.010826530612244898,0.13433061224489798,0.4451406872612719
478,0.01084922774141103,0.1343396910965644,0.4440056791209754
479,0.010871924870577162,0.13434876994823086,0.44287517027103285
480,0.010894621999743294,0.13435784879989732,0.44174917485506093
481,0.010917319128909425,0.13436692765156377,0.44062770631741704
482,0.010940016258075558,0.13437600650323023,0.43951077740345945
483,0.010962713387241689,0.13438508535489668,0.43839840015995557
484,0.01098541051640782,0.13439416420656314,0.43729058593563414
485,0.011008107645573953,0.1344032430582296,0.43618734538188564
486,0.011030804774740085,0.13441232190989605,0.4350886884536047
487,0.011053501903906216,0.1344214007615625,0.43399462441017705
488,0.011076199033072349,0.13443047961322896,0.43290516181661054
489,0.01109889616223848,0.13443955846489541,0.4318203085448077
490,0.011121593291404611,0.13444863731656184,0.43074007177497803
491,0.011144290420570744,0.1344577161682283,0.4296644579971947
492,0.011166987549736876,0.13446679501989475,0.42859347301308715
493,0.011189684678903007,0.1344758738715612,0.4275271219376751
494,0.01121238180806914,0.13448495272322766,0.4264654092013393
495,0.011235078937235271,0.13449403157489412,0.42540833855192994
496,0.011257776066401402,0.13450311042656057,0.4243559130570126
497,0.011280473195567535,0.13451218927822703,0.423308135106246
498,0.011303170324733667,0.13452126812989348,0.4222650064138995
499,0.011325867453899798,0.13453034698155994,0.4212265280215001
500,0.01134856458306593,0.13453942583322637,0.42019270030061234
501,0.011371261712232062,0.13454850468489282,0.4191635229557536
502,0.011393958841398195,0.13455758353655928,0.4181389950274351
503,0.011416655970564326,0.13456666238822573,0.4171191148953367
504,0.011439353099730458,0.1345757412398922,0.4161038802816096
505,0.01146205022889659,0.13458482009155864,0.41509328825430414
506,0.011484747358062722,0.1345938989432251,0.41408733523092933
507,0.011507444487228853,0.13460297779489155,0.413086016982135
508,0.011530141616394986,0.134612056646558,0.41208932863551795
509,0.011552838745561117,0.13462113549822446,0.4110972646795565
510,0.011575535874727249,0.13463021434989092,0.41010981896766263
511,0.011598233003893382,0.13463929320155738,0.40912698472235876
512,0.011620930133059513,0.1346483720532238,0.4081487545395757
513,0.011643627262225644,0.13465745090489026,0.40717512039306863
514,0.011666324391391777,0.1346665297565567,0.4062060736389513
515,0.011689021520557908,0.13467560860822317,0.40524160502035117
516,0.01171171864972404,0.13468468745988962,0.4042817046721769
517,0.011734415778890173,0.13469376631155608,0.40332636212600365
518,0.011757112908056304,0.13470284516322253,0.40237556631507165
519,0.011779810037222435,0.134711924014889,0.40142930557939777
520,0.011802507166388568,0.13472100286655544,0.40048756767100074
521,0.0118252042955547,0.1347300817182219,0.3995503397592341
522,0.01184790142472083,0.13473916056988833,0.3986176084362331
523,0.011870598553886964,0.13474823942155478,0.3976893597224646
524,0.011893295683053095,0.13475731827322124,0.3967655790723907
525,0.011915992812219228,0.1347663971248877,0.39584625138023255
526,0.01193868994138536,0.13477547597655415,0.3949313609858445
527,0.01196138707055149,0.1347845548282206,0.39402089168068694
528,0.011984084199717623,0.13479363367988706,0.39311482671390685
529,0.012006781328883755,0.13480271253155351,0.3922131487985159
530,0.012029478458049886,0.13481179138321997,0.3913158401176697
531,0.012052175587216019,0.13482087023488643,0.39042288233104794
532,0.01207487271638215,0.13482994908655288,0.3895342565813287
533,0.012097569845548281,0.1348390279382193,0.38864994350076293
534,0.012120266974714414,0.13484810678988576,0.38776992321784143
535,0.012142964103880546,0.13485718564155222,0.3868941753640559
536,0.012165661233046677,0.13486626449321867,0.3860226790807557
537,0.01218835836221281,0.13487534334488513,0.38515541302609013
538,0.012211055491378941,0.13488442219655158,0.38429235538204726
539,0.012233752620545072,0.13489350104821804,0.383433483861576
540,0.012256449749711205,0.1349025798998845,0.38257877571579857
541,0.012279146878877337,0.13491165875155095,0.3817282077413087
542,0.012301844008043468,0.1349207376032174,0.3808817562875527
543,0.012324541137209601,0.13492981645488386,0.3800393972642967
544,0.012347238266375732,0.1349388953065503,0.3792011061491717
545,0.012369935395541863,0.13494797415821674,0.37836685799530406
546,0.012392632524707996,0.1349570530098832,0.3775366274390212
547,0.012415329653874128,0.13496613186154965,0.3767103887076358
548,0.01243802678304026,0.1349752107132161,0.37588811562730895
549,0.012460723912206392,0.13498428956488256,0.37506978163098376
550,0.012483421041372523,0.13499336841654902,0.37425535976639596
551,0.012506118170538656,0.13500244726821548,0.37344482270415497
552,0.012528815299704787,0.13501152611988193,0.3726381427458941
553,0.012551512428870919,0.13502060497154839,0.3718352918324937
554,0.012574209558037052,0.13502968382321484,0.37103624155236686
555,0.012596906687203183,0.1350387626748813,0.37024096314981486
556,0.012619603816369314,0.13504784152654772,0.36944942753344423
557,0.012642300945535447,0.13505692037821418,0.36866160528464986
558,0.012664998074701578,0.13506599922988063,0.36787746666615634
559,0.01268769520386771,0.1350750780815471,0.3670969816306201
560,0.012710392333033843,0.13508415693321355,0.3663201198292914
561,0.012733089462199974,0.13509323578488,0.3655468506207307
562,0.012755786591366105,0.13510231463654646,0.36477714307958076
563,0.012778483720532238,0.1351113934882129,0.36401096600539157
564,0.01280118084969837,0.13512047233987937,0.36324828793150005
565,0.0128238779788645,0.13512955119154582,0.3624890771339546
566,0.012846575108030634,0.13513863004321225,0.3617333016404928
567,0.012869272237196765,0.1351477088948787,0.36098092923956376
568,0.012891969366362896,0.13515678774654516,0.36023192748939487
569,0.01291466649552903,0.13516586659821161,0.35948626372710474
570,0.01293736362469516,0.13517494544987807,0.3587439050778535
571,0.012960060753861294,0.13518402430154453,0.35800481846403714
572,0.012982757883027425,0.13519310315321098,0.357268970614519
573,0.013005455012193556,0.13520218200487744,0.3565363280738946
574,0.013028152141359689,0.1352112608565439,0.3558068572117963
575,0.01305084927052582,0.13522033970821035,0.3550805242322263
576,0.013073546399691952,0.1352294185598768,0.3543572951829226
577,0.013096243528858085,0.13523849741154326,0.3536371359647558
578,0.013118940658024216,0.13524757626320968,0.35292001234114967
579,0.013141637787190347,0.13525665511487614,0.3522058899475298
580,0.01316433491635648,0.1352657339665426,0.3514947343007971
581,0.013187032045522611,0.13527481281820905,0.3507865108088185
582,0.013209729174688743,0.1352838916698755,0.350081184779944
583,0.013232426303854876,0.13529297052154196,0.34937872143253573
584,0.013255123433021007,0.13530204937320842,0.34867908590451674
585,0.013277820562187138,0.13531112822487487,0.3479822432629344
586,0.013300517691353271,0.13532020707654133,0.34728815851353284
587,0.013323214820519402,0.13532928592820778,0.34659679661033915
588,0.013345911949685534,0.1353383647798742,0.3459081224652555
589,0.013368609078851667,0.13534744363154066,0.34522210095765987
590,0.013391306208017798,0.13535652248320712,0.34453869694400896
591,0.013414003337183929,0.13536560133487358,0.34385787526744477
592,0.013436700466350062,0.13537468018654003,0.3431796007674016
593,0.013459397595516193,0.13538375903820649,0.3425038382892111
594,0.013482094724682326,0.13539283788987294,0.3418305526937032
595,0.013504791853848458,0.1354019167415394,0.3411597088668019
596,0.013527488983014589,0.13541099559320585,0.3404912717291133
597,0.013550186112180722,0.1354200744448723,0.33982520624550244
598,0.013572883241346853,0.13542915329653876,0.33916147743466046
599,0.013595580370512984,0.1354382321482052,0.338500050378656
600,0.013618277499679117,0.13544731099987165,0.33784089023246977
601,0.013640974628845249,0.1354563898515381,0.337183962233513
602,0.01366367175801138,0.13546546870320456,0.3365292317111233
603,0.013686368887177513,0.135474547554871,0.335876664096039
604,0.013709066016343644,0.13548362640653747,0.3352262249298482
605,0.013731763145509775,0.13549270525820392,0.3345778798744123
606,0.013754460274675908,0.13550178410987038,0.33393159472125683
607,0.01377715740384204,0.13551086296153683,0.3332873354009367
608,0.013799854533008171,0.1355199418132033,0.33264506799236077
609,0.013822551662174304,0.13552902066486974,0.3320047587320881
610,0.013845248791340435,0.13553809951653617,0.33136637402358077
611,0.013867945920506566,0.13554717836820263,0.33072988044641927
612,0.0138906430496727,0.13555625721986908,0.3300952447654746
613,0.01391334017883883,0.13556533607153554,0.32946243394003594
614,0.013936037308004962,0.135574414923202,0.32883141513289255
615,0.013958734437171095,0.13558349377486845,0.3282021557193645
616,0.013981431566337226,0.1355925726265349,0.32757462329628473
617,0.01400412869550336,0.13560165147820136,0.32694878569092406
618,0.01402682582466949,0.1356107303298678,0.3263246109698648
619,0.014049522953835622,0.13561980918153427,0.32570206744781266
620,0.014072220083001755,0.13562888803320072,0.3250811236963496
621,0.014094917212167886,0.13563796688486715,0.32446174855262516
622,0.014117614341334017,0.1356470457365336,0.3238439111279806
623,0.01414031147050015,0.13565612458820006,0.3232275808165082
624,0.014163008599666281,0.13566520343986652,0.32261272730353974
625,0.014185705728832413,0.13567428229153297,0.3219993205740638
626,0.014208402857998546,0.13568336114319943,0.3213873309210687
627,0.014231099987164677,0.13569243999486588,0.32077672895381043
628,0.014253797116330808,0.13570151884653234,0.3201674856060003
629,0.014276494245496941,0.1357105976981988,0.3195595721439128
630,0.014299191374663072,0.13571967654986525,0.3189529601744112
631,0.014321888503829204,0.1357287554015317,0.31834762165288544
632,0.014344585632995337,0.13573783425319813,0.3177435288911056
633,0.014367282762161468,0.13574691310486459,0.31714065456498186
634,0.0143899798913276,0.13575599195653104,0.31653897172223766
635,0.014412677020493732,0.1357650708081975,0.3159384537899807
636,0.014435374149659863,0.13577414965986395,0.31533907458218624
637,0.014458071278825995,0.1357832285115304,0.31474080830707496
638,0.014480768407992128,0.13579230736319686,0.314143629574392
639,0.014503465537158259,0.13580138621486332,0.31354751340258374
640,0.01452616266632439,0.13581046506652977,0.31295243522586724
641,0.014548859795490523,0.13581954391819623,0.3123583709011931
642,0.014571556924656654,0.13582862276986268,0.3117652967150984
643,0.014594254053822787,0.13583770162152914,0.31117318939044675
644,0.014616951182988919,0.13584678047319557,0.3105820260930546
645,0.01463964831215505,0.13585585932486202,0.30999178443820175
646,0.014662345441321183,0.13586493817652848,0.30940244249702153
647,0.014685042570487314,0.13587401702819493,0.3088139788027717
648,0.014707739699653445,0.1358830958798614,0.3082263723569832
649,0.014730436828819578,0.13589217473152784,0.30763960263548074
650,0.01475313395798571,0.1359012535831943,0.30705364959427944
651,0.014775831087151841,0.13591033243486075,0.30646849367535156
652,0.014798528216317974,0.1359194112865272,0.30588411581226144
653,0.014821225345484105,0.13592849013819366,0.30530049743566623
654,0.014843922474650236,0.1359375689898601,0.304717620478684
655,0.01486661960381637,0.13594664784152655,0.30413546738212244
656,0.0148893167329825,0.135955726693193,0.30355402109956814
657,0.014912013862148632,0.13596480554485946,0.3029732651023361
658,0.014934710991314765,0.1359738843965259,0.30239318338427434
659,0.014957408120480896,0.13598296324819237,0.3018137604664243
660,0.014980105249647028,0.13599204209985882,0.3012349814015344
661,0.01500280237881316,0.13600112095152528,0.300656831778423
662,0.015025499507979292,0.13601019980319173,0.3000792977261926
663,0.015048196637145423,0.1360192786548582,0.2995023659182894
664,0.015070893766311556,0.13602835750652464,0.2989260235764101
665,0.015093590895477687,0.13603743635819107,0.2983502584742518
666,0.01511628802464382,0.13604651520985753,0.2977750589411022
667,0.015138985153809952,0.13605559406152398,0.2972004138652724
668,0.015161682282976083,0.13606467291319044,0.2966263126973669
669,0.015184379412142216,0.1360737517648569,0.2960527454533905
670,0.015207076541308347,0.13608283061652335,0.29547970271769086
671,0.015229773670474478,0.1360919094681898,0.29490717564573277
672,0.015252470799640611,0.13610098831985626,0.2943351559667082
673,0.015275167928806743,0.13611006717152271,0.2937636359859711
674,0.015297865057972874,0.13611914602318917,0.2931926085873064
675,0.015320562187139007,0.13612822487485562,0.29262206723502243
676,0.015343259316305138,0.13613730372652205,0.29205200597587233
677,0.01536595644547127,0.1361463825781885,0.2914824194407954
678,0.015388653574637402,0.13615546142985496,0.2909133028464872
679,0.015411350703803534,0.13616454028152142,0.2903446519967867
680,0.015434047832969665,0.13617361913318787,0.28977646328388496
681,0.015456744962135798,0.13618269798485433,0.28920873368935407
682,0.015479442091301929,0.13619177683652078,0.28864146078499175
683,0.01550213922046806,0.13620085568818724,0.28807464273348354
684,0.015524836349634193,0.1362099345398537,0.28750827828888054
685,0.015547533478800325,0.13621901339152015,0.2869423667968906
686,0.015570230607966456,0.1362280922431866,0.28637690819498324
687,0.015592927737132589,0.13623717109485303,0.2858119030123041
688,0.01561562486629872,0.1362462499465195,0.2852473523694051
689,0.015638321995464853,0.13625532879818594,0.2846832579777784
690,0.015661019124630984,0.1362644076498524,0.2841196221392045
691,0.015683716253797116,0.13627348650151885,0.2835564477449057
692,0.015706413382963247,0.1362825653531853,0.2829937382745064
693,0.015729110512129378,0.13629164420485176,0.2824314977948011
694,0.015751807641295513,0.13630072305651822,0.2818697309583271
695,0.015774504770461644,0.13630980190818467,0.2813084430017421
696,0.015797201899627775,0.13631888075985113,0.28074763974400463
697,0.015819899028793907,0.13632795961151759,0.28018732758436127
698,0.015842596157960038,0.136337038463184,0.2796275135001312
699,0.015865293287126173,0.13634611731485047,0.27906820504429813
700,0.015887990416292304,0.13635519616651692,0.27850941034290055
701,0.015910687545458435,0.13636427501818338,0.277951138092224
702,0.015933384674624566,0.13637335386984983,0.2773933975557947
703,0.015956081803790698,0.1363824327215163,0.27683619856117203
704,0.01597877893295683,0.13639151157318274,0.27627955149654154
705,0.016001476062122964,0.1364005904248492,0.27572346730710845
706,0.016024173191289095,0.13640966927651565,0.27516795749128875
707,0.016046870320455226,0.1364187481281821,0.274613034096701
708,0.016069567449621357,0.13642782697984857,0.2740587097159548
709,0.01609226457878749,0.136436905831515,0.27350499748224033
710,0.01611496170795362,0.13644598468318145,0.2729519110647169
711,0.016137658837119755,0.1364550635348479,0.2723994646636966
712,0.016160355966285886,0.13646414238651436,0.27184767300563045
713,0.016183053095452017,0.13647322123818081,0.27129655133789105
714,0.01620575022461815,0.13648230008984727,0.2707461154233559
715,0.01622844735378428,0.13649137894151372,0.27019638153478764
716,0.01625114448295041,0.13650045779318018,0.2696473664490138
717,0.016273841612116546,0.13650953664484664,0.26909908744090905
718,0.016296538741282677,0.1365186154965131,0.2685515622771723
719,0.016319235870448808,0.13652769434817955,0.2680048092099077
720,0.01634193299961494,0.13653677319984597,0.2674588469700045
721,0.01636463012878107,0.13654585205151243,0.2669136947603184
722,0.016387327257947205,0.13655493090317888,0.26636937224865415
723,0.016410024387113337,0.13656400975484534,0.2658258995605499
724,0.016432721516279468,0.1365730886065118,0.26528329727186467
725,0.0164554186454456,0.13658216745817825,0.2647415864011682
726,0.01647811577461173,0.1365912463098447,0.2642007884019365
727,0.01650081290377786,0.13660032516151116,0.2636609251545498
728,0.016523510032943996,0.13660940401317762,0.2631220189580971
729,0.016546207162110128,0.13661848286484407,0.26258409252198806
730,0.01656890429127626,0.13662756171651053,0.2620471689573692
731,0.01659160142044239,0.13663664056817695,0.2615112717683518
732,0.01661429854960852,0.1366457194198434,0.26097642484304606
733,0.016636995678774653,0.13665479827150986,0.26044265244440756
734,0.016659692807940787,0.13666387712317632,0.25990997920089265
735,0.01668238993710692,0.13667295597484277,0.2593784300969288
736,0.01670508706627305,0.13668203482650923,0.25884803046319715
737,0.01672778419543918,0.13669111367817569,0.25831880596672935
738,0.016750481324605312,0.13670019252984214,0.2577907826008228
739,0.016773178453771444,0.1367092713815086,0.2572639866747701
740,0.01679587558293758,0.13671835023317505,0.25673844480341096
741,0.01681857271210371,0.1367274290848415,0.2562141838965014
742,0.01684126984126984,0.13673650793650793,0.2556912311479064
743,0.016863966970435972,0.1367455867881744,0.2551696140246161
744,0.016886664099602103,0.13675466563984084,0.2546493602555853
745,0.016909361228768238,0.1367637444915073,0.25413049782040203
746,0.01693205835793437,0.13677282334317376,0.2536130549377822
747,0.0169547554871005,0.1367819021948402,0.2530970600538954
748,0.016977452616266632,0.13679098104650667,0.25258254183052176
749,0.017000149745432763,0.13680005989817312,0.25206952913304426
750,0.017022846874598895,0.13680913874983958,0.25155805101827516
751,0.01704554400376503,0.13681821760150603,0.2510481367221187
752,0.01706824113293116,0.1368272964531725,0.25053981564707756
753,0.017090938262097292,0.13683637530483891,0.2500331173495958
754,0.017113635391263423,0.13684545415650537,0.24952807152725004
755,0.017136332520429554,0.13685453300817182,0.24902470800578297
756,0.017159029649595686,0.13686361185983828,0.24852305672598707
757,0.01718172677876182,0.13687269071150474,0.24802314773043838
758,0.01720442390792795,0.1368817695631712,0.24752501115008174
759,0.017227121037094083,0.13689084841483765,0.24702867719067334
760,0.017249818166260214,0.1368999272665041,0.2465341761190769
761,0.017272515295426345,0.13690900611817056,0.2460415382494247
762,0.017295212424592477,0.136918084969837,0.24555079392913737
763,0.01731790955375861,0.13692716382150347,0.24506197352480863
764,0.017340606682924743,0.1369362426731699,0.24457510740796118
765,0.017363303812090874,0.13694532152483635,0.24409022594066887
766,0.017386000941257005,0.1369544003765028,0.2436073594610546
767,0.017408698070423136,0.13696347922816926,0.24312653826866226
768,0.01743139519958927,0.13697255807983572,0.2426477926097093
769,0.017454092328755402,0.13698163693150217,0.24217115266221956
770,0.017476789457921534,0.13699071578316863,0.2416966485210405
771,0.017499486587087665,0.13699979463483508,0.24122431018274937
772,0.017522183716253796,0.13700887348650154,0.24075416753044948
773,0.017544880845419927,0.137017952338168,0.2402862503184589
774,0.017567577974586062,0.13702703118983445,0.2398205881568991
775,0.017590275103752193,0.13703611004150087,0.23935721049618147
776,0.017612972232918325,0.13704518889316733,0.23889614661139796
777,0.017635669362084456,0.13705426774483379,0.23843742558661896
778,0.017658366491250587,0.13706334659650024,0.23798107629910198
779,0.01768106362041672,0.1370724254481667,0.23752712740341375
780,0.017703760749582853,0.13708150429983315,0.23707560731546912
781,0.017726457878748984,0.1370905831514996,0.23662654419649332
782,0.017749155007915116,0.13709966200316606,0.23617996593690577
783,0.017771852137081247,0.13710874085483252,0.23573590014013485
784,0.017794549266247378,0.13711781970649897,0.23529437410636456
785,0.01781724639541351,0.13712689855816543,0.23485541481621658
786,0.017839943524579644,0.13713597740983186,0.23441904891437304
787,0.017862640653745775,0.1371450562614983,0.23398530269314427
788,0.017885337782911907,0.13715413511316477,0.23355420207598349
789,0.017908034912078038,0.13716321396483122,0.23312577260095435
790,0.01793073204124417,0.13717229281649768,0.2327000394041558
791,0.0179534291704103,0.13718137166816413,0.23227702720310756
792,0.017976126299576435,0.1371904505198306,0.23185676028010088
793,0.017998823428742566,0.13719952937149704,0.23143926246551977
794,0.018021520557908698,0.1372086082231635,0.23102455712113434
795,0.01804421768707483,0.13721768707482995,0.23061266712337797
796,0.01806691481624096,0.1372267659264964,0.23020361484660207
797,0.018089611945407095,0.13723584477816284,0.2297974221463241
798,0.018112309074573226,0.1372449236298293,0.22939411034246665
799,0.018135006203739357,0.13725400248149575,0.22899370020259607
800,0.01815770333290549,0.1372630813331622,0.22859621192516266
801,0.01818040046207162,0.13727216018482866,0.22820166512275125
802,0.01820309759123775,0.1372812390364951,0.22781007880534393
803,0.018225794720403886,0.13729031788816157,0.22742147136360213
804,0.018248491849570017,0.13729939673982802,0.22703586055217434
805,0.01827118897873615,0.13730847559149448,0.22665326347303094
806,0.01829388610790228,0.13731755444316093,0.22627369655883744
807,0.01831658323706841,0.1373266332948274,0.22589717555636574
808,0.018339280366234542,0.13733571214649382,0.22552371550995565
809,0.018361977495400677,0.13734479099816027,0.22515333074502503
810,0.018384674624566808,0.13735386984982673,0.22478603485164284
811,0.01840737175373294,0.13736294870149318,0.22442184066816445
812,0.01843006888289907,0.13737202755315964,0.22406076026493743
813,0.018452766012065202,0.1373811064048261,0.22370280492808686
814,0.018475463141231333,0.13739018525649255,0.22334798514338305
815,0.018498160270397468,0.137399264108159,0.22299631058019853
816,0.0185208573995636,0.13740834295982546,0.22264779007556373
817,0.01854355452872973,0.1374174218114919,0.22230243161832636
818,0.01856625165789586,0.13742650066315837,0.221960242333418
819,0.018588948787061993,0.1374355795148248,0.22162122846624244
820,0.018611645916228128,0.13744465836649125,0.22128539536718672
821,0.01863434304539426,0.1374537372181577,0.22095274747626342
822,0.01865704017456039,0.13746281606982416,0.22062328830789307
823,0.01867973730372652,0.13747189492149062,0.220297020435834
824,0.018702434432892653,0.13748097377315707,0.21997394547826427
825,0.018725131562058784,0.13749005262482353,0.2196540640830284
826,0.01874782869122492,0.13749913147648998,0.21933737591305363
827,0.01877052582039105,0.13750821032815644,0.21902387963194164
828,0.01879322294955718,0.1375172891798229,0.21871357288975168
829,0.018815920078723312,0.13752636803148935,0.21840645230897343
830,0.018838617207889444,0.13753544688315578,0.21810251347070614
831,0.018861314337055575,0.13754452573482223,0.21780175090104842
832,0.01888401146622171,0.1375536045864887,0.21750415805770912
833,0.01890670859538784,0.13756268343815514,0.21720972731684796
834,0.018929405724553972,0.1375717622898216,0.21691844996015336
835,0.018952102853720103,0.13758084114148805,0.21663031616217082
836,0.018974799982886235,0.1375899199931545,0.21634531497788662
837,0.018997497112052366,0.13759899884482096,0.216063434330579
838,0.0190201942412185,0.13760807769648742,0.21578466099994636
839,0.019042891370384632,0.13761715654815387,0.21550898061052198
840,0.019065588499550763,0.13762623539982033,0.21523637762038594
841,0.019088285628716894,0.13763531425148676,0.21496683531018246
842,0.019110982757883026,0.1376443931031532,0.21470033577245706
843,0.01913367988704916,0.13765347195481967,0.21443685990131955
844,0.019156377016215292,0.13766255080648612,0.2141763873824476
845,0.019179074145381423,0.13767162965815258,0.21391889668343872
846,0.019201771274547554,0.13768070850981903,0.21366436504452474
847,0.019224468403713686,0.1376897873614855,0.21341276846965657
848,0.019247165532879817,0.13769886621315194,0.2131640817179758
849,0.01926986266204595,0.1377079450648184,0.21291827829567855
850,0.019292559791212083,0.13771702391648485,0.21267533044828912
851,0.019315256920378214,0.1377261027681513,0.21243520915335318
852,0.019337954049544345,0.13773518161981774,0.21219788411356122
853,0.019360651178710477,0.1377442604714842,0.21196332375031762
854,0.019383348307876608,0.13775333932315065,0.21173149519776785
855,0.019406045437042743,0.1377624181748171,0.21150236429729274
856,0.019428742566208874,0.13777149702648356,0.21127589559248844
857,0.019451439695375005,0.13778057587815,0.21105205232464186
858,0.019474136824541136,0.13778965472981647,0.210830796428716
859,0.019496833953707268,0.13779873358148292,0.21061208852985847
860,0.0195195310828734,0.13780781243314938,0.2103958879404476
861,0.019542228212039534,0.13781689128481583,0.2101821526576909
862,0.019564925341205665,0.1378259701364823,0.20997083936178912
863,0.019587622470371796,0.13783504898814872,0.2097619034146786
864,0.019610319599537927,0.13784412783981517,0.20955529885937285
865,0.01963301672870406,0.13785320669148163,0.20935097841991068
866,0.019655713857870193,0.13786228554314808,0.20914889350193067
867,0.019678410987036325,0.13787136439481454,0.20894899419388735
868,0.019701108116202456,0.137880443246481,0.20875122926892092
869,0.019723805245368587,0.13788952209814745,0.2085555461874023
870,0.01974650237453472,0.1378986009498139,0.20836189110016212
871,0.01976919950370085,0.13790767980148036,0.20817020885242854
872,0.019791896632866984,0.13791675865314681,0.20798044298848012
873,0.019814593762033116,0.13792583750481327,0.20779253575703988
874,0.019837290891199247,0.1379349163564797,0.2076064281174227
875,0.019859988020365378,0.13794399520814615,0.20742205974645117
876,0.01988268514953151,0.1379530740598126,0.20723936904616141
877,0.01990538227869764,0.13796215291147906,0.20705829315231483
878,0.019928079407863775,0.13797123176314552,0.206878767943732
879,0.019950776537029907,0.13798031061481197,0.2067007280524677
880,0.019973473666196038,0.13798938946647843,0.20652410687484474
881,0.01999617079536217,0.13799846831814488,0.20634883658336495
882,0.0200188679245283,0.13800754716981134,0.2061748481395168
883,0.02004156505369443,0.1380166260214778,0.2060020713074961
884,0.020064262182860566,0.13802570487314425,0.20583043466885792
885,0.020086959312026698,0.13803478372481068,0.20565986563812505
886,0.02010965644119283,0.13804386257647713,0.20549029047936274
887,0.02013235357035896,0.1380529414281436,0.20532163432374623
888,0.02015505069952509,0.13806202027981004,0.20515382118813685
889,0.020177747828691226,0.1380710991314765,0.20498677399468956
890,0.020200444957857357,0.13808017798314295,0.20482041459150702
891,0.02022314208702349,0.1380892568348094,0.20465466377436475
892,0.02024583921618962,0.13809833568647586,0.20448944130952568
893,0.02026853634535575,0.13810741453814232,0.20432466595766363
894,0.020291233474521882,0.13811649338980878,0.20416025549891803
895,0.020313930603688017,0.13812557224147523,0.20399612675909762
896,0.02033662773285415,0.13813465109314166,0.20383219563705768
897,0.02035932486202028,0.1381437299448081,0.20366837713326857
898,0.02038202199118641,0.13815280879647457,0.20350458537959748
899,0.020404719120352542,0.13816188764814102,0.2033407336703253
900,0.020427416249518673,0.13817096649980748,0.20317673449441837
901,0.020450113378684808,0.13818004535147393,0.20301249956907919
902,0.02047281050785094,0.1381891242031404,0.2028479398745917
903,0.02049550763701707,0.13819820305480685,0.20268296569049227
904,0.020518204766183202,0.1382072819064733,0.20251748663307628
905,0.020540901895349333,0.13821636075813976,0.20235141169427345
906,0.020563599024515464,0.1382254396098062,0.20218464928190494
907,0.0205862961536816,0.13823451846147264,0.20201710726134842
908,0.02060899328284773,0.1382435973131391,0.20184869299863334
909,0.02063169041201386,0.13825267616480555,0.2016793134049854
910,0.020654387541179993,0.138261755016472,0.20150887498284575
911,0.020677084670346124,0.13827083386813846,0.20133728387338418
912,0.02069978179951226,0.13827991271980491,0.20116444590553018
913,0.02072247892867839,0.13828899157147137,0.2009902666465428
914,0.02074517605784452,0.13829807042313783,0.20081465145414262
915,0.020767873187010653,0.13830714927480428,0.2006375055302284
916,0.020790570316176784,0.13831622812647074,0.2004587339761975
917,0.020813267445342915,0.13832530697813716,0.20027824184989573
918,0.02083596457450905,0.13833438582980362,0.20009593422421723
919,0.02085866170367518,0.13834346468147007,0.1999117162473779
920,0.020881358832841312,0.13835254353313653,0.19972549320488137
921,0.020904055962007444,0.13836162238480298,0.19953717058320136
922,0.020926753091173575,0.13837070123646944,0.19934665413520652
923,0.020949450220339706,0.1383797800881359,0.1991538499473418
924,0.02097214734950584,0.13838885893980235,0.19895866450859218
925,0.020994844478671972,0.1383979377914688,0.19876100478125558
926,0.021017541607838103,0.13840701664313526,0.1985607782735363
927,0.021040238737004235,0.13841609549480172,0.19835789311399044
928,0.021062935866170366,0.13842517434646817,0.19815225812783754
929,0.021085632995336497,0.1384342531981346,0.1979437829151675
930,0.021108330124502632,0.13844333204980105,0.1977323779310553
931,0.021131027253668763,0.1384524109014675,0.19751795456761312
932,0.021153724382834894,0.13846148975313397,0.19730042523799657
933,0.021176421512001026,0.13847056860480042,0.1970797034623854
934,0.021199118641167157,0.13847964745646688,0.19685570395596486
935,0.02122181577033329,0.13848872630813333,0.19662834271892216
936,0.021244512899499423,0.1384978051597998,0.19639753712848262
937,0.021267210028665554,0.13850688401146624,0.19616320603300652
938,0.021289907157831685,0.1385159628631327,0.19592526984816394
939,0.021312604286997817,0.13852504171479912,0.19568365065521331
940,0.021335301416163948,0.13853412056646558,0.19543827230139582
941,0.021357998545330083,0.13854319941813203,0.19518906050247536
942,0.021380695674496214,0.1385522782697985,0.19493594294743632
943,0.021403392803662345,0.13856135712146495,0.19467884940536462
944,0.021426089932828477,0.1385704359731314,0.19441771183452555
945,0.021448787061994608,0.13857951482479786,0.19415246449366663
946,0.02147148419116074,0.1385885936764643,0.19388304405555634
947,0.021494181320326874,0.13859767252813077,0.19360938972278458
948,0.021516878449493005,0.13860675137979722,0.19333144334583946
949,0.021539575578659136,0.13861583023146368,0.19304914954348618
950,0.021562272707825268,0.13862490908313013,0.19276245582545665
951,0.0215849698369914,0.13863398793479656,0.19247131271748352
952,0.02160766696615753,0.13864306678646302,0.19217567388868312
953,0.021630364095323665,0.13865214563812947,0.19187549628131634
954,0.021653061224489796,0.13866122448979593,0.19157074024294402
955,0.021675758353655927,0.13867030334146238,0.19126136966099277
956,0.02169845548282206,0.13867938219312884,0.19094735209975655
957,0.02172115261198819,0.1386884610447953,0.19062865893984632
958,0.021743849741154325,0.13869753989646175,0.19030526552011423
959,0.021766546870320456,0.1387066187481282,0.18997715128206683
960,0.021789243999486587,0.13871569759979466,0.18964429991678683
961,0.02181194112865272,0.13872477645146108,0.18930669951438883
962,0.02183463825781885,0.13873385530312754,0.1889643427160232
963,0.02185733538698498,0.138742934154794,0.18861722686844984
964,0.021880032516151116,0.13875201300646045,0.18826535418120738
965,0.021902729645317247,0.1387610918581269,0.18790873188638907
966,0.021925426774483378,0.13877017070979336,0.187547372401061
967,0.02194812390364951,0.13877924956145982,0.1871812934923287
968,0.02197082103281564,0.13878832841312627,0.18681051844508811
969,0.021993518161981772,0.13879740726479273,0.18643507623247668
970,0.022016215291147907,0.13880648611645918,0.18605500168905176
971,0.022038912420314038,0.13881556496812564,0.18567033568671776
972,0.02206160954948017,0.1388246438197921,0.18528112531343305
973,0.0220843066786463,0.13883372267145852,0.1848874240547163
974,0.02210700380781243,0.13884280152312498,0.1844892919779838
975,0.022129700936978563,0.13885188037479143,0.18408679591974741
976,0.022152398066144698,0.1388609592264579,0.18368000967569703
977,0.02217509519531083,0.13887003807812434,0.18326901419370584
978,0.02219779232447696,0.1388791169297908,0.18285389776978578
979,0.02222048945364309,0.13888819578145725,0.18243475624702737
980,0.022243186582809223,0.1388972746331237,0.18201169321756205
981,0.022265883711975357,0.13890635348479016,0.1815848202275817
982,0.02228858084114149,0.13891543233645662,0.18115425698545545
983,0.02231127797030762,0.13892451118812307,0.18072013157298727
984,0.02233397509947375,0.1389335900397895,0.18028258065985003
985,0.022356672228639882,0.13894266889145596,0.17984174972125433
986,0.022379369357806014,0.1389517477431224,0.17939779325888783
987,0.02240206648697215,0.13896082659478887,0.17895087502518137
988,0.02242476361613828,0.13896990544645532,0.1785011682509599
989,0.02244746074530441,0.13897898429812178,0.17804885587652558
990,0.022470157874470542,0.13898806314978823,0.17759413078624214
991,0.022492855003636673,0.1389971420014547,0.17713719604667627
992,0.022515552132802805,0.13900622085312114,0.17667826514837032
993,0.02253824926196894,0.1390152997047876,0.17621756225131263
994,0.02256094639113507,0.13902437855645405,0.17575532243418152
995,0.022583643520301202,0.13903345740812048,0.17529179194744432
996,0.022606340649467333,0.13904253625978694,0.17482722847039484
997,0.022629037778633464,0.1390516151114534,0.17436190137221674
998,0.022651734907799596,0.13906069396311985,0.17389609197716793
999,0.02267443203696573,0.1390697728147863,0.17343009383399288
1000,0.02269712916613186,0.13907885166645276,0.1729642129896521
1001,0.022719826295297993,0.1390879305181192,0.17249876826750205
1002,0.022742523424464124,0.13909700936978567,0.17203409155002358
1003,0.022765220553630255,0.13910608822145212,0.17157052806624057
1004,0.02278791768279639,0.13911516707311858,0.17110843668394793
1005,0.02281061481196252,0.13912424592478503,0.17064819020690203
1006,0.022833311941128653,0.13913332477645146,0.17019017567710754
1007,0.022856009070294784,0.13914240362811792,0.16973479468236874
1008,0.022878706199460915,0.13915148247978437,0.16928246366926697
1009,0.022901403328627046,0.13916056133145083,0.1688336142617326
1010,0.02292410045779318,0.13916964018311728,0.16838869358540842
1011,0.022946797586959312,0.13917871903478374,0.16794816459798706
1012,0.022969494716125444,0.1391877978864502,0.16751250642573123
1013,0.022992191845291575,0.13919687673811665,0.1670822147064025
1014,0.023014888974457706,0.1392059555897831,0.16665780193880902
1015,0.023037586103623837,0.13921503444144956,0.16623979783923187
1016,0.023060283232789972,0.13922411329311601,0.1658287497049707
1017,0.023082980361956103,0.13923319214478244,0.16542522278528177
1018,0.023105677491122235,0.1392422709964489,0.16502980065999034
1019,0.023128374620288366,0.13925134984811535,0.16464308562607
1020,0.023151071749454497,0.1392604286997818,0.16426569909250555
1021,0.02317376887862063,0.13926950755144826,0.16389828198376638
1022,0.023196466007786763,0.13927858640311472,0.16354149515223315
1023,0.023219163136952894,0.13928766525478117,0.16319601979994441
1024,0.023241860266119026,0.13929674410644763,0.16286255791004606
1025,0.023264557395285157,0.13930582295811408,0.16254183268833527
1026,0.023287254524451288,0.13931490180978054,0.16223458901533627
1027,0.023309951653617423,0.139323980661447,0.16194159390933688
1028,0.023332648782783554,0.13933305951311342,0.16166363700085296
1029,0.023355345911949685,0.13934213836477988,0.1614015310190165
1030,0.023378043041115817,0.13935121721644633,0.161156112290387
1031,0.023400740170281948,0.1393602960681128,0.1609282412507309
1032,0.02342343729944808,0.13936937491977924,0.16071880297032842
1033,0.023446134428614214,0.1393784537714457,0.16052870769339922
1034,0.023468831557780345,0.13938753262311215,0.16035889139225806
1035,0.023491528686946477,0.1393966114747786,0.16021031633685712
1036,0.023514225816112608,0.13940569032644506,0.16008397168038474
1037,0.02353692294527874,0.13941476917811152,0.1599808740616374
1038,0.02355962007444487,0.13942384802977797,0.1599020682248929
1039,0.023582317203611005,0.1394329268814444,0.15984862765808316
1040,0.023605014332777136,0.13944200573311086,0.1598216552500582
1041,0.023627711461943268,0.1394510845847773,0.15982228396780185
1042,0.0236504085911094,0.13946016343644377,0.15985167755448987
1043,0.02367310572027553,0.13946924228811022,0.15991103124930406
1044,0.02369580284944166,0.13947832113977668,0.1600015725299911
1045,0.023718499978607796,0.13948739999144313,0.16012456187916746
1046,0.023741197107773927,0.1394964788431096,0.1602812935754272
1047,0.02376389423694006,0.13950555769477604,0.1604730965103633
1048,0.02378659136610619,0.1395146365464425,0.160701335032656
1049,0.02380928849527232,0.13952371539810893,0.16096740982042312
1050,0.023831985624438456,0.13953279424977538,0.1612727587830894
1051,0.023854682753604587,0.13954187310144184,0.1616188579940952
1052,0.02387737988277072,0.1395509519531083,0.1620072226557951
1053,0.02390007701193685,0.13956003080477475,0.16243940809797303
1054,0.02392277414110298,0.1395691096564412,0.16291701081145676
1055,0.023945471270269112,0.13957818850810766,0.16344166951838957
1056,0.023968168399435247,0.13958726735977411,0.16401506628074003
1057,0.023990865528601378,0.13959634621144057,0.16463892764875732
1058,0.02401356265776751,0.13960542506310702,0.16531502585109814
1059,0.02403625978693364,0.13961450391477348,0.1660451800284481
1060,0.024058956916099772,0.13962358276643994,0.1668312575125293
